-- phpMyAdmin SQL Dump
-- version 4.8.0
-- https://www.phpmyadmin.net/
--
-- Host: 127.0.0.1
-- Generation Time: Sep 18, 2018 at 09:26 PM
-- Server version: 10.1.31-MariaDB
-- PHP Version: 7.2.4

SET SQL_MODE = "NO_AUTO_VALUE_ON_ZERO";
SET AUTOCOMMIT = 0;
START TRANSACTION;
SET time_zone = "+00:00";


/*!40101 SET @OLD_CHARACTER_SET_CLIENT=@@CHARACTER_SET_CLIENT */;
/*!40101 SET @OLD_CHARACTER_SET_RESULTS=@@CHARACTER_SET_RESULTS */;
/*!40101 SET @OLD_COLLATION_CONNECTION=@@COLLATION_CONNECTION */;
/*!40101 SET NAMES utf8mb4 */;

--
-- Database: `bookstore`
--

-- --------------------------------------------------------

--
-- Table structure for table `books`
--

CREATE TABLE `books` (
  `id` int(10) UNSIGNED NOT NULL,
  `user_id` int(10) UNSIGNED NOT NULL,
  `title` varchar(191) COLLATE utf8mb4_unicode_ci NOT NULL,
  `description` text COLLATE utf8mb4_unicode_ci NOT NULL,
  `created_at` timestamp NULL DEFAULT NULL,
  `updated_at` timestamp NULL DEFAULT NULL
) ENGINE=InnoDB DEFAULT CHARSET=utf8mb4 COLLATE=utf8mb4_unicode_ci;

--
-- Dumping data for table `books`
--

INSERT INTO `books` (`id`, `user_id`, `title`, `description`, `created_at`, `updated_at`) VALUES
(1, 1, 'PHP', 'Scripting language', NULL, NULL),
(2, 2, 'Laravel', 'For the web artisan', NULL, NULL),
(4, 1, 'aut', 'Nihil est sed aliquid. Qui quia quae doloremque saepe aut voluptatem fugiat. Eos debitis ut beatae expedita nobis. Est iste minima eius consequuntur. Ipsa omnis quo nulla quaerat sed rerum nihil.', '2018-09-18 05:03:08', '2018-09-18 05:03:08'),
(5, 2, 'nulla', 'Ad quis sed facilis itaque. Dignissimos praesentium laudantium iure.', '2018-09-18 05:03:09', '2018-09-18 05:03:09'),
(6, 2, 'id', 'Voluptatum molestiae nihil maxime est facere. Aperiam fugit explicabo saepe ut quod eligendi dolor. Dolore perspiciatis labore nisi cumque. Dolores consectetur occaecati eveniet fugit nostrum.', '2018-09-18 05:03:09', '2018-09-18 05:03:09'),
(7, 2, 'occaecati', 'Vitae est rem eius fuga laborum. Nostrum et tempore officia. In omnis iusto inventore excepturi.', '2018-09-18 05:03:09', '2018-09-18 05:03:09'),
(8, 1, 'doloribus', 'Dolores corrupti accusantium nobis consequatur ratione nostrum quasi. Beatae tempore reprehenderit facilis nam fugiat. Adipisci deserunt consequuntur et ut est neque quisquam dolores. Tenetur sit nobis reprehenderit suscipit odit commodi voluptatem.', '2018-09-18 05:03:09', '2018-09-18 05:03:09'),
(9, 2, 'iusto', 'Earum vel aut voluptas at. Minus aliquid sunt numquam quod.', '2018-09-18 05:03:09', '2018-09-18 05:03:09'),
(10, 2, 'assumenda', 'Vitae cumque est in dolorum neque. Magni id deserunt qui illum. Aliquid odit laudantium iusto commodi est. Non perspiciatis iure quae fugit qui.', '2018-09-18 05:03:09', '2018-09-18 05:03:09'),
(11, 1, 'facilis', 'Et quae quibusdam ut omnis laborum dolores id. Eius commodi et qui et incidunt. Placeat cum possimus eum voluptatem porro facilis.', '2018-09-18 05:03:09', '2018-09-18 05:03:09'),
(12, 1, 'aut', 'Velit omnis mollitia eos maiores magni. Cupiditate recusandae sit architecto error aut aperiam. Distinctio non error consequatur.', '2018-09-18 05:03:09', '2018-09-18 05:03:09'),
(13, 1, 'fuga', 'Blanditiis illum amet et. Amet ullam aspernatur consectetur molestiae modi corporis aspernatur. Eveniet enim saepe dolore quidem culpa blanditiis.', '2018-09-18 05:03:09', '2018-09-18 05:03:09'),
(14, 2, 'molestiae', 'Ut nulla repellat sed quia accusamus eveniet quae. Sed eaque vitae mollitia odio hic non quos. Unde temporibus sint nostrum ea aut et dolor tenetur.', '2018-09-18 05:03:09', '2018-09-18 05:03:09'),
(15, 2, 'sed', 'Voluptatem minima laudantium quibusdam fugiat et dicta. Laudantium impedit facere error. Velit veniam tempore atque dolorem odit repellendus. Earum tenetur sit suscipit tempora repellat qui.', '2018-09-18 05:03:09', '2018-09-18 05:03:09'),
(16, 1, 'non', 'Velit quas voluptatem deleniti inventore nam ex. Illum illum omnis pariatur praesentium culpa. Accusantium incidunt delectus minus vero blanditiis et consequuntur.', '2018-09-18 05:03:10', '2018-09-18 05:03:10'),
(17, 2, 'vero', 'Maiores voluptate modi placeat dolor et. Voluptatibus facilis corporis ut aliquid. Quo quia aperiam unde.', '2018-09-18 05:03:10', '2018-09-18 05:03:10'),
(18, 2, 'repellat', 'Cum rerum minus repudiandae quia adipisci. Fuga ratione ducimus eligendi dolore sequi voluptates aliquid. Ducimus nemo eos fugiat consequatur iure deleniti doloremque.', '2018-09-18 05:03:10', '2018-09-18 05:03:10'),
(19, 1, 'ipsum', 'Autem neque in nihil in facere dolores reprehenderit. Ad aut tenetur iure quas. Molestiae ullam libero maiores laudantium neque corporis dolores.', '2018-09-18 05:03:10', '2018-09-18 05:03:10'),
(20, 1, 'laboriosam', 'Qui nulla eum nostrum sed eveniet possimus quia. Tempore assumenda aut rerum blanditiis et autem. Vel sapiente placeat ab quis.', '2018-09-18 05:03:10', '2018-09-18 05:03:10'),
(21, 1, 'modi', 'Autem veniam quia perferendis ratione odit quisquam libero. Odit dolore fugit aliquid et explicabo suscipit dolorum.', '2018-09-18 05:03:10', '2018-09-18 05:03:10'),
(22, 2, 'id', 'Eligendi ea aut et veritatis autem ut enim. Veritatis voluptates sapiente inventore corporis aut omnis vitae. Qui cum minima earum ut atque.', '2018-09-18 05:03:10', '2018-09-18 05:03:10'),
(23, 1, 'harum', 'Voluptas quasi atque amet eveniet rem. Incidunt doloribus eveniet nobis eum in provident cumque. Pariatur nostrum omnis quos sed. Qui perferendis est non voluptas quod nisi.', '2018-09-18 05:03:10', '2018-09-18 05:03:10'),
(24, 1, 'dolores', 'Quaerat sequi et culpa sed ab est facilis molestiae. Occaecati eos aut provident porro nisi. Aspernatur quam sit eius modi.', '2018-09-18 05:03:10', '2018-09-18 05:03:10'),
(25, 2, 'omnis', 'Molestias doloremque rerum quam itaque cum ullam sequi. Tempore neque consequatur voluptatem ipsam dolor neque magni.', '2018-09-18 05:03:10', '2018-09-18 05:03:10'),
(26, 1, 'in', 'Similique nesciunt et ea quia consequatur doloribus totam. Earum esse repellendus sint dolorem repudiandae molestiae.', '2018-09-18 05:03:11', '2018-09-18 05:03:11'),
(27, 2, 'modi', 'Fugiat doloribus ipsam nam quibusdam aut sit quas. Ut aut suscipit praesentium temporibus possimus illo. Maiores dolores dicta rerum et non assumenda. Est cum autem mollitia ut vitae voluptatem et.', '2018-09-18 05:03:11', '2018-09-18 05:03:11'),
(28, 1, 'perspiciatis', 'Et molestiae quidem laboriosam sapiente molestias ad. Pariatur ipsam id doloremque quia sit aut. Voluptates vero et delectus quas sit.', '2018-09-18 05:03:11', '2018-09-18 05:03:11'),
(29, 2, 'tenetur', 'Possimus vitae fugiat modi sequi tenetur amet aut. Nisi aut aut est eum nulla vel omnis. Dolor praesentium non ipsa.', '2018-09-18 05:03:11', '2018-09-18 05:03:11'),
(30, 1, 'autem', 'Maiores ut dolor aut voluptatibus quis. Animi est vitae et nemo nostrum consequatur. Ut eaque id eum ducimus.', '2018-09-18 05:03:11', '2018-09-18 05:03:11'),
(31, 2, 'et', 'Ullam aut quas non excepturi aut qui aliquam. Pariatur minus consequatur numquam eveniet. Ratione ex quia expedita et nulla ut dolorem voluptatem. Nisi debitis aspernatur rerum magni temporibus.', '2018-09-18 05:03:11', '2018-09-18 05:03:11'),
(32, 2, 'dolores', 'Qui autem qui omnis est. Enim accusantium odit sit nisi. Recusandae quod ipsa quam eligendi tempora placeat. Aut consequatur velit ad iste similique sint adipisci.', '2018-09-18 05:03:11', '2018-09-18 05:03:11'),
(33, 2, 'et', 'Perferendis porro deleniti error voluptatibus modi natus. Occaecati voluptatem est qui quo illum. Vero et eaque minus voluptas.', '2018-09-18 05:03:11', '2018-09-18 05:03:11'),
(34, 1, 'incidunt', 'Est inventore placeat fugiat nisi exercitationem placeat neque. Iure temporibus modi rerum aliquid id et.', '2018-09-18 05:03:11', '2018-09-18 05:03:11'),
(35, 2, 'illum', 'Autem nisi beatae facere atque nobis. Fuga similique suscipit esse velit. Nisi est non earum porro corrupti velit. Mollitia in laboriosam natus cupiditate.', '2018-09-18 05:03:11', '2018-09-18 05:03:11'),
(36, 1, 'quod', 'Accusamus fuga repudiandae est architecto quia quos. Dolor nihil et praesentium doloribus omnis aut quae. Vel natus repellendus molestiae rerum quia possimus.', '2018-09-18 05:03:11', '2018-09-18 05:03:11'),
(37, 2, 'veritatis', 'Magni est qui ratione nostrum. Ut earum magni accusamus. Quasi omnis animi omnis voluptates numquam. Omnis iure excepturi et.', '2018-09-18 05:03:11', '2018-09-18 05:03:11'),
(38, 2, 'voluptatem', 'Est id dolore dignissimos ad aliquid facere quo. Sunt aut doloribus tempora dolorem qui et. Aliquam et voluptatem cupiditate assumenda exercitationem.', '2018-09-18 05:03:12', '2018-09-18 05:03:12'),
(39, 2, 'est', 'Mollitia placeat nesciunt rerum aut. Eum tenetur consectetur dolores ut. Asperiores quam placeat et voluptas minus. Qui cum commodi voluptate molestiae qui laudantium tempora. Et ad perspiciatis accusamus unde et.', '2018-09-18 05:03:12', '2018-09-18 05:03:12'),
(40, 1, 'esse', 'Saepe magnam amet ullam nulla. Consectetur dolor consectetur ipsa eveniet eum enim ipsa molestias. Eum sunt quidem excepturi itaque perspiciatis dolore.', '2018-09-18 05:03:12', '2018-09-18 05:03:12'),
(41, 2, 'molestias', 'Illo ut tenetur enim velit quibusdam. Voluptas libero eius autem fugiat sequi. Amet magnam quia error et optio numquam qui. Porro ad consequuntur et nemo dicta at.', '2018-09-18 05:03:12', '2018-09-18 05:03:12'),
(42, 2, 'pariatur', 'Est ipsa consequatur dicta aut. Aut voluptatem tempore necessitatibus cum sequi vel repudiandae. Inventore quia quia consequatur accusamus. Alias enim distinctio eius eum atque quos.', '2018-09-18 05:03:12', '2018-09-18 05:03:12'),
(43, 1, 'adipisci', 'Tempora sed soluta quo fuga amet. Quisquam repellat maiores eveniet eum. Aut accusamus vel tenetur corrupti porro.', '2018-09-18 05:03:12', '2018-09-18 05:03:12'),
(44, 1, 'non', 'Veritatis non dolores in expedita magni voluptatem repudiandae eligendi. Vitae molestias dignissimos quos.', '2018-09-18 05:03:12', '2018-09-18 05:03:12'),
(45, 1, 'atque', 'Laborum ducimus qui quia veniam ut non. Blanditiis cum porro hic quia. Voluptas ea rem esse quibusdam. Qui qui harum enim aut quae.', '2018-09-18 05:03:12', '2018-09-18 05:03:12'),
(46, 2, 'ea', 'Non debitis ea enim voluptatem porro et id consequatur. Eos totam accusantium vitae praesentium et vero quia. Atque ullam quidem blanditiis error inventore culpa eius inventore.', '2018-09-18 05:03:12', '2018-09-18 05:03:12'),
(47, 2, 'harum', 'Doloribus necessitatibus error provident quaerat hic. Dolor molestiae incidunt vel autem ea nihil. Qui rerum dolores qui voluptas.', '2018-09-18 05:03:12', '2018-09-18 05:03:12'),
(48, 1, 'ut', 'Commodi quod expedita impedit sapiente dolore. Quae laborum unde delectus corporis recusandae culpa rerum. Fugiat eos ipsam quibusdam dolor id tempore qui. Quasi aut error totam accusantium quia molestiae dolorem.', '2018-09-18 05:03:12', '2018-09-18 05:03:12'),
(49, 1, 'voluptas', 'Ut consequatur aspernatur nostrum nisi ea aut magni. Laboriosam voluptas ipsum enim minima aspernatur. Et voluptatum vel ipsam magnam ea aut voluptatibus. Consequatur at culpa deleniti.', '2018-09-18 05:03:12', '2018-09-18 05:03:12'),
(50, 1, 'sit', 'A illo aliquid suscipit saepe eius. Dolorum autem recusandae dolores quo a. Animi odio mollitia quidem harum in ut non voluptatem. Ipsum magnam quia consectetur eos debitis.', '2018-09-18 05:03:13', '2018-09-18 05:03:13'),
(51, 1, 'ut', 'Quos at provident saepe et fuga nesciunt. Aut labore maiores ut impedit molestias. Ut accusamus dolor cupiditate aspernatur dolorum et. Quam pariatur magnam beatae et.', '2018-09-18 05:03:13', '2018-09-18 05:03:13'),
(52, 1, 'adipisci', 'Consequatur ipsa aliquam maxime recusandae voluptatem dolores culpa. Est et et assumenda tempora. Voluptatibus velit recusandae labore adipisci est veritatis. Ducimus voluptatibus tempore laborum fugit porro a in.', '2018-09-18 05:03:13', '2018-09-18 05:03:13'),
(53, 2, 'Ajax Tutor', 'Ajax is good for its asynchronius behaviour', '2018-09-18 13:47:06', '2018-09-18 13:47:06'),
(54, 3, 'testing by  franck pls work', 'testing now ok', '2018-09-18 13:56:54', '2018-09-18 23:47:09'),
(55, 5, 'Jquery for beginners by franck', 'for dynamic pages making  test', '2018-09-18 13:59:02', '2018-09-18 23:40:23'),
(56, 3, 'New book', 'bokk by frank', '2018-09-18 23:55:29', '2018-09-18 23:55:29'),
(58, 3, 'Java tutor', 'for developers', '2018-09-19 00:18:20', '2018-09-19 00:18:20');

-- --------------------------------------------------------

--
-- Table structure for table `migrations`
--

CREATE TABLE `migrations` (
  `id` int(10) UNSIGNED NOT NULL,
  `migration` varchar(191) COLLATE utf8mb4_unicode_ci NOT NULL,
  `batch` int(11) NOT NULL
) ENGINE=InnoDB DEFAULT CHARSET=utf8mb4 COLLATE=utf8mb4_unicode_ci;

--
-- Dumping data for table `migrations`
--

INSERT INTO `migrations` (`id`, `migration`, `batch`) VALUES
(1, '2014_10_12_000000_create_users_table', 1),
(2, '2014_10_12_100000_create_password_resets_table', 1),
(3, '2018_09_17_161847_create_books_table', 1),
(4, '2018_09_17_162237_create_ratings_table', 1),
(5, '2018_09_17_195553_create_reviews_table', 1),
(6, '2016_06_01_000001_create_oauth_auth_codes_table', 2),
(7, '2016_06_01_000002_create_oauth_access_tokens_table', 2),
(8, '2016_06_01_000003_create_oauth_refresh_tokens_table', 2),
(9, '2016_06_01_000004_create_oauth_clients_table', 2),
(10, '2016_06_01_000005_create_oauth_personal_access_clients_table', 2);

-- --------------------------------------------------------

--
-- Table structure for table `oauth_access_tokens`
--

CREATE TABLE `oauth_access_tokens` (
  `id` varchar(100) COLLATE utf8mb4_unicode_ci NOT NULL,
  `user_id` int(11) DEFAULT NULL,
  `client_id` int(11) NOT NULL,
  `name` varchar(191) COLLATE utf8mb4_unicode_ci DEFAULT NULL,
  `scopes` text COLLATE utf8mb4_unicode_ci,
  `revoked` tinyint(1) NOT NULL,
  `created_at` timestamp NULL DEFAULT NULL,
  `updated_at` timestamp NULL DEFAULT NULL,
  `expires_at` datetime DEFAULT NULL
) ENGINE=InnoDB DEFAULT CHARSET=utf8mb4 COLLATE=utf8mb4_unicode_ci;

--
-- Dumping data for table `oauth_access_tokens`
--

INSERT INTO `oauth_access_tokens` (`id`, `user_id`, `client_id`, `name`, `scopes`, `revoked`, `created_at`, `updated_at`, `expires_at`) VALUES
('7ab97a06f6cdeb0142c48645b952190bc020f71ddc1e5e0e089b7e32e64379297a54d67e0136f285', 3, 2, NULL, '[]', 0, '2018-09-18 12:23:55', '2018-09-18 12:23:55', '2019-09-18 05:23:55');

-- --------------------------------------------------------

--
-- Table structure for table `oauth_auth_codes`
--

CREATE TABLE `oauth_auth_codes` (
  `id` varchar(100) COLLATE utf8mb4_unicode_ci NOT NULL,
  `user_id` int(11) NOT NULL,
  `client_id` int(11) NOT NULL,
  `scopes` text COLLATE utf8mb4_unicode_ci,
  `revoked` tinyint(1) NOT NULL,
  `expires_at` datetime DEFAULT NULL
) ENGINE=InnoDB DEFAULT CHARSET=utf8mb4 COLLATE=utf8mb4_unicode_ci;

-- --------------------------------------------------------

--
-- Table structure for table `oauth_clients`
--

CREATE TABLE `oauth_clients` (
  `id` int(10) UNSIGNED NOT NULL,
  `user_id` int(11) DEFAULT NULL,
  `name` varchar(191) COLLATE utf8mb4_unicode_ci NOT NULL,
  `secret` varchar(100) COLLATE utf8mb4_unicode_ci NOT NULL,
  `redirect` text COLLATE utf8mb4_unicode_ci NOT NULL,
  `personal_access_client` tinyint(1) NOT NULL,
  `password_client` tinyint(1) NOT NULL,
  `revoked` tinyint(1) NOT NULL,
  `created_at` timestamp NULL DEFAULT NULL,
  `updated_at` timestamp NULL DEFAULT NULL
) ENGINE=InnoDB DEFAULT CHARSET=utf8mb4 COLLATE=utf8mb4_unicode_ci;

--
-- Dumping data for table `oauth_clients`
--

INSERT INTO `oauth_clients` (`id`, `user_id`, `name`, `secret`, `redirect`, `personal_access_client`, `password_client`, `revoked`, `created_at`, `updated_at`) VALUES
(1, NULL, 'Laravel Personal Access Client', 'jX3vAZHApU3gZnlYo6OxaFYzANbuPtTefBvqMs8C', 'http://localhost', 1, 0, 0, '2018-09-18 11:49:07', '2018-09-18 11:49:07'),
(2, NULL, 'Laravel Password Grant Client', 'uz0ebP57wxtIdg71J07mq5x3JwORNgJ59zNFZNlj', 'http://localhost', 0, 1, 0, '2018-09-18 11:49:07', '2018-09-18 11:49:07');

-- --------------------------------------------------------

--
-- Table structure for table `oauth_personal_access_clients`
--

CREATE TABLE `oauth_personal_access_clients` (
  `id` int(10) UNSIGNED NOT NULL,
  `client_id` int(11) NOT NULL,
  `created_at` timestamp NULL DEFAULT NULL,
  `updated_at` timestamp NULL DEFAULT NULL
) ENGINE=InnoDB DEFAULT CHARSET=utf8mb4 COLLATE=utf8mb4_unicode_ci;

--
-- Dumping data for table `oauth_personal_access_clients`
--

INSERT INTO `oauth_personal_access_clients` (`id`, `client_id`, `created_at`, `updated_at`) VALUES
(1, 1, '2018-09-18 11:49:07', '2018-09-18 11:49:07');

-- --------------------------------------------------------

--
-- Table structure for table `oauth_refresh_tokens`
--

CREATE TABLE `oauth_refresh_tokens` (
  `id` varchar(100) COLLATE utf8mb4_unicode_ci NOT NULL,
  `access_token_id` varchar(100) COLLATE utf8mb4_unicode_ci NOT NULL,
  `revoked` tinyint(1) NOT NULL,
  `expires_at` datetime DEFAULT NULL
) ENGINE=InnoDB DEFAULT CHARSET=utf8mb4 COLLATE=utf8mb4_unicode_ci;

--
-- Dumping data for table `oauth_refresh_tokens`
--

INSERT INTO `oauth_refresh_tokens` (`id`, `access_token_id`, `revoked`, `expires_at`) VALUES
('2352e6e8ceb800997558b72cbfe45b61f39cc7189d4075d38f48ea87f88e202c94d51a5eabb38b9f', '7ab97a06f6cdeb0142c48645b952190bc020f71ddc1e5e0e089b7e32e64379297a54d67e0136f285', 0, '2019-09-18 05:23:55');

-- --------------------------------------------------------

--
-- Table structure for table `password_resets`
--

CREATE TABLE `password_resets` (
  `email` varchar(191) COLLATE utf8mb4_unicode_ci NOT NULL,
  `token` varchar(191) COLLATE utf8mb4_unicode_ci NOT NULL,
  `created_at` timestamp NULL DEFAULT NULL
) ENGINE=InnoDB DEFAULT CHARSET=utf8mb4 COLLATE=utf8mb4_unicode_ci;

-- --------------------------------------------------------

--
-- Table structure for table `ratings`
--

CREATE TABLE `ratings` (
  `id` int(10) UNSIGNED NOT NULL,
  `user_id` int(10) UNSIGNED NOT NULL,
  `book_id` int(10) UNSIGNED NOT NULL,
  `rating` int(10) UNSIGNED NOT NULL,
  `created_at` timestamp NULL DEFAULT NULL,
  `updated_at` timestamp NULL DEFAULT NULL
) ENGINE=InnoDB DEFAULT CHARSET=utf8mb4 COLLATE=utf8mb4_unicode_ci;

-- --------------------------------------------------------

--
-- Table structure for table `reviews`
--

CREATE TABLE `reviews` (
  `id` int(10) UNSIGNED NOT NULL,
  `customer` varchar(191) COLLATE utf8mb4_unicode_ci NOT NULL,
  `review` text COLLATE utf8mb4_unicode_ci NOT NULL,
  `star` int(11) NOT NULL,
  `book_id` int(10) UNSIGNED NOT NULL,
  `created_at` timestamp NULL DEFAULT NULL,
  `updated_at` timestamp NULL DEFAULT NULL
) ENGINE=InnoDB DEFAULT CHARSET=utf8mb4 COLLATE=utf8mb4_unicode_ci;

--
-- Dumping data for table `reviews`
--

INSERT INTO `reviews` (`id`, `customer`, `review`, `star`, `book_id`, `created_at`, `updated_at`) VALUES
(1, 'Francis', 'i am review all books', 2, 1, NULL, NULL),
(2, 'Freedom', 'just to review Laravel', 0, 2, NULL, NULL),
(3, 'Kristin Tremblay', 'Voluptatibus est voluptatibus ut. Eos similique omnis non quaerat sint voluptatum iure. Quia occaecati eius adipisci esse officiis. Fugit provident maxime non autem dolor quo vero et.', 3, 14, '2018-09-18 05:03:22', '2018-09-18 05:03:22'),
(4, 'Ms. Bernadine Johnston I', 'Quisquam expedita ut esse quia rerum reprehenderit dicta. Exercitationem sit voluptatibus eligendi in in.', 4, 46, '2018-09-18 05:03:23', '2018-09-18 05:03:23'),
(5, 'Ines Balistreri', 'Alias sequi illum et esse dolorum. Eveniet et quis quia et neque. Ab sequi dolor rerum praesentium voluptates.', 5, 5, '2018-09-18 05:03:24', '2018-09-18 05:03:24'),
(6, 'Allison Conroy', 'Voluptas quia aut et impedit totam modi. Rerum harum quo qui voluptatem aut. Consequatur molestiae corporis vero similique dolore mollitia. Aut omnis iste ipsam ut odit sint ratione.', 2, 52, '2018-09-18 05:03:26', '2018-09-18 05:03:26'),
(7, 'Ms. Tania Rath', 'Magni consequatur porro ad aut sed voluptatem est qui. Veritatis consectetur tempora rerum.', 2, 17, '2018-09-18 05:03:27', '2018-09-18 05:03:27'),
(8, 'Gregg Padberg', 'Cumque sit eaque dolores quasi minima tempore voluptatem. Ea minima neque voluptates debitis occaecati harum et. Earum perferendis laudantium tempore officia.', 2, 14, '2018-09-18 05:03:29', '2018-09-18 05:03:29'),
(9, 'Rico Hayes', 'Voluptas fugiat dolor quia dolorem quia sit. Aliquam itaque molestiae quas voluptatem dolor repellendus et. Et iusto consectetur minus quasi.', 4, 2, '2018-09-18 05:03:30', '2018-09-18 05:03:30'),
(10, 'Miss Robyn Lehner Jr.', 'Nihil omnis voluptatem id vitae quaerat eum dolor. Velit accusamus rem eaque voluptas rerum cumque. Accusamus unde non qui.', 4, 1, '2018-09-18 05:03:31', '2018-09-18 05:03:31'),
(11, 'Jordyn Hirthe I', 'Quidem doloremque repellendus minus praesentium nesciunt rerum quisquam. Maxime quo minima dicta quibusdam qui. Quibusdam aut ducimus et qui suscipit omnis reiciendis.', 4, 13, '2018-09-18 05:03:31', '2018-09-18 05:03:31'),
(12, 'Dion Pagac DDS', 'Doloribus aliquam et voluptatibus temporibus esse. Reiciendis rerum voluptatem possimus repellat. Illum aspernatur deserunt sunt eveniet qui.', 4, 1, '2018-09-18 05:03:32', '2018-09-18 05:03:32'),
(13, 'Andy Rogahn', 'Aut nihil tempora a error. Ut delectus dolorem omnis aliquid enim consequatur. Exercitationem repellat atque quae sit consequatur optio.', 3, 44, '2018-09-18 05:03:33', '2018-09-18 05:03:33'),
(15, 'Dr. Annette Gislason MD', 'Accusamus eveniet aut aut quisquam vel ea facilis incidunt. Error sed in ad eum ut voluptate. Officia quas nulla quae odit incidunt suscipit. Dolore amet reprehenderit voluptas quisquam est maxime.', 1, 32, '2018-09-18 05:03:34', '2018-09-18 05:03:34'),
(16, 'Grayson Bogan', 'Provident dolor vero ut expedita. Omnis unde quis sit aperiam. Ut odit deleniti ad ut quo qui amet. Exercitationem quis harum sed voluptatem sed cupiditate doloribus.', 3, 7, '2018-09-18 05:03:34', '2018-09-18 05:03:34'),
(17, 'Prof. Manuela Runolfsdottir', 'Neque exercitationem deserunt consectetur impedit sint. Blanditiis facere quaerat quia est facere neque officiis. Similique et non quis adipisci reprehenderit nesciunt.', 3, 41, '2018-09-18 05:03:36', '2018-09-18 05:03:36'),
(18, 'Angel Hilpert', 'Explicabo voluptatem ut enim laudantium sunt quasi perferendis voluptatem. Aliquid officiis sit nemo doloremque.', 2, 25, '2018-09-18 05:03:37', '2018-09-18 05:03:37'),
(19, 'Keely Bednar', 'Aut iste aliquid modi. Adipisci facilis quas nisi vel optio sit sed excepturi. Eaque exercitationem deserunt sed eos illo rerum. Rerum magni quis mollitia harum recusandae harum sed.', 2, 47, '2018-09-18 05:03:40', '2018-09-18 05:03:40'),
(20, 'Danika Schneider', 'Sit ipsam dignissimos nemo dolorem. Nam nemo aut dolor ipsa. Voluptatibus quam explicabo quas qui iste.', 5, 15, '2018-09-18 05:03:45', '2018-09-18 05:03:45'),
(21, 'Prof. Raphael Schimmel', 'Laboriosam rem aut ullam assumenda inventore explicabo. Sequi quisquam minima eum voluptates mollitia. Aliquid consectetur libero nesciunt hic sit repellat autem facere.', 5, 27, '2018-09-18 05:03:47', '2018-09-18 05:03:47'),
(22, 'Mr. Matteo Tillman Jr.', 'Numquam deleniti tempora magni. Vel provident dolor atque.', 4, 46, '2018-09-18 05:03:49', '2018-09-18 05:03:49'),
(23, 'Lourdes Stroman', 'Nam tempora culpa qui dolor dolor aperiam. Quod velit ut quidem culpa et. At quae sit dolores necessitatibus.', 3, 47, '2018-09-18 05:03:51', '2018-09-18 05:03:51'),
(24, 'Karina Heaney', 'Sint architecto voluptatibus maxime et aut sit nam. Vero accusamus est sed pariatur fugit. Sed perspiciatis ipsa nesciunt quis. Vitae sint ex explicabo incidunt.', 2, 22, '2018-09-18 05:03:56', '2018-09-18 05:03:56'),
(25, 'Eldridge Nienow', 'Aut repellendus vel quae non commodi. Sed aut fugit sapiente. Nihil ipsum sapiente molestias eum optio et provident earum. Mollitia enim fuga odit eos delectus vero.', 5, 39, '2018-09-18 05:03:57', '2018-09-18 05:03:57'),
(26, 'Mr. Dayton Witting II', 'Eum soluta cumque saepe nam. Dolor praesentium voluptate eos quam.', 4, 43, '2018-09-18 05:03:58', '2018-09-18 05:03:58'),
(27, 'Stephen Prohaska', 'Cumque dolores sit architecto. Recusandae voluptatum esse enim. Dolore impedit voluptas ratione omnis.', 3, 14, '2018-09-18 05:03:59', '2018-09-18 05:03:59'),
(28, 'Easter Steuber', 'Aperiam necessitatibus soluta sit totam aliquam. Quidem officia voluptatum officiis itaque. Corrupti molestiae voluptatibus asperiores maiores dolorum quae.', 4, 41, '2018-09-18 05:04:00', '2018-09-18 05:04:00'),
(29, 'Joany Reinger', 'Est quisquam et eos repudiandae unde ut et. Omnis hic corporis odit eum quia et. Omnis consequatur unde ullam ipsum debitis.', 4, 48, '2018-09-18 05:04:01', '2018-09-18 05:04:01'),
(30, 'Kara Bashirian MD', 'Quos ullam sunt provident veritatis nostrum perspiciatis. Fugiat consequatur cum neque consectetur dolorem adipisci. Quae explicabo rerum magnam eaque libero. Corporis molestiae quo voluptatem sint blanditiis non. Aliquid placeat fuga deserunt sit id.', 3, 29, '2018-09-18 05:04:02', '2018-09-18 05:04:02'),
(31, 'Jeffry Veum', 'Odio qui totam veritatis aut reiciendis repellendus. Esse nostrum aut praesentium omnis deleniti. Omnis ut unde id qui. Iste ut reprehenderit ipsa consequatur earum. Aut tempore aliquid et voluptatem cumque dolore ut.', 3, 32, '2018-09-18 05:04:03', '2018-09-18 05:04:03'),
(32, 'Chaz Ruecker', 'Et velit mollitia excepturi nihil a. Voluptas itaque sed velit dolorem impedit sit. Sed earum sed occaecati dolores quod repellat dolore fugit.', 5, 27, '2018-09-18 05:04:04', '2018-09-18 05:04:04'),
(33, 'Lonny Zulauf', 'Iure ipsam sequi ut ut. Inventore amet hic deleniti expedita minus molestiae. Est eligendi dolorem molestiae ut aperiam fugit reprehenderit. Consequuntur quia sed quam minima placeat.', 5, 27, '2018-09-18 05:04:04', '2018-09-18 05:04:04'),
(34, 'Dr. Emerald Gutmann', 'Est natus voluptatem doloribus sit velit. Magnam rerum eos sed dignissimos cumque quae qui dolorem.', 0, 35, '2018-09-18 05:04:05', '2018-09-18 05:04:05'),
(35, 'Niko Klein', 'Praesentium voluptatibus dolores non quae et quis similique. Natus fugiat impedit id quam perferendis vel officia.', 5, 25, '2018-09-18 05:04:08', '2018-09-18 05:04:08'),
(36, 'Chaya Nolan', 'Aut porro iure vitae aspernatur eaque velit aut. Occaecati aut molestias ad dicta sed magnam. Velit sit doloremque cumque eaque voluptatibus. Doloribus architecto error sapiente error sint.', 4, 47, '2018-09-18 05:04:09', '2018-09-18 05:04:09'),
(37, 'Jimmie Legros', 'Voluptatem eius est suscipit ut provident reprehenderit. Voluptatem qui qui eos autem a occaecati asperiores. Et quo asperiores fugiat dolorum ut.', 5, 49, '2018-09-18 05:04:10', '2018-09-18 05:04:10'),
(38, 'General Gutmann', 'Quis vitae qui eum distinctio repudiandae expedita voluptatem. Est eum necessitatibus earum tenetur sed tenetur. Quisquam nihil nihil illo assumenda et rem et. Quia veniam et soluta sit eum laboriosam sed.', 3, 36, '2018-09-18 05:04:11', '2018-09-18 05:04:11'),
(39, 'Maurice Jerde', 'Aut laboriosam quas ut fugiat et dolorem est. Nulla minima in vero distinctio itaque. Odit optio omnis non. Et temporibus deleniti quisquam.', 4, 47, '2018-09-18 05:04:12', '2018-09-18 05:04:12'),
(40, 'Talia Kemmer', 'Non ea itaque beatae. Consequatur nesciunt ea eligendi aut. Reiciendis fuga blanditiis aliquam eum dignissimos ratione eum ducimus. Quis et architecto voluptate doloribus nulla.', 2, 51, '2018-09-18 05:04:13', '2018-09-18 05:04:13'),
(41, 'Friedrich Homenick DDS', 'Provident consectetur repudiandae similique repellat aut voluptatem sint. Beatae iusto veniam enim optio beatae magni et. Repudiandae expedita sunt placeat et culpa deserunt. Qui occaecati natus aut labore ratione excepturi.', 0, 35, '2018-09-18 05:04:15', '2018-09-18 05:04:15'),
(42, 'Mathilde Maggio', 'Voluptate nihil labore rerum impedit impedit labore. Commodi aut porro deleniti cupiditate quisquam recusandae illo. Vel iste eveniet temporibus cumque totam.', 3, 31, '2018-09-18 05:04:16', '2018-09-18 05:04:16'),
(43, 'Prof. Milan Ernser DDS', 'Hic officiis minima ex eos. Aliquam illum error aut commodi et voluptas quod. Hic quis omnis doloremque quia minus suscipit mollitia.', 5, 9, '2018-09-18 05:04:16', '2018-09-18 05:04:16'),
(44, 'Enos Ankunding', 'Placeat beatae enim nobis nihil facere. Ex consequatur ipsa autem sit culpa.', 4, 11, '2018-09-18 05:04:17', '2018-09-18 05:04:17'),
(45, 'Forrest Bogisich', 'Quasi qui excepturi sequi non maxime autem cumque deserunt. Nobis rerum quia quasi eum aut hic. Quod sequi dignissimos quos aut. Fuga voluptatibus non eius beatae.', 3, 49, '2018-09-18 05:04:17', '2018-09-18 05:04:17'),
(46, 'Selina Krajcik', 'Veritatis officia illum quidem voluptatibus facere. Quis velit repellat ut ut.', 5, 34, '2018-09-18 05:04:18', '2018-09-18 05:04:18'),
(47, 'Solon Ferry', 'Inventore iusto inventore similique voluptate adipisci nobis. Saepe et mollitia minima rerum dolores et est. Labore saepe rerum placeat possimus minus.', 4, 47, '2018-09-18 05:04:18', '2018-09-18 05:04:18'),
(48, 'Camden Beier', 'Corrupti dolorem quis quasi iure. Voluptatibus accusamus est dolor nulla assumenda itaque dolores excepturi. Possimus voluptatem neque sunt accusamus harum aut sed.', 2, 23, '2018-09-18 05:04:19', '2018-09-18 05:04:19'),
(49, 'Mavis Walter', 'Aperiam dolore dolorem culpa impedit. Occaecati est nemo exercitationem corporis quos fuga. Consequatur eum vel beatae sit et itaque incidunt.', 3, 39, '2018-09-18 05:04:20', '2018-09-18 05:04:20'),
(50, 'Brianne Rath', 'Quaerat eveniet fuga voluptate pariatur eligendi exercitationem. Soluta est sint ipsa quibusdam quibusdam. Animi eum alias nihil amet qui molestiae.', 2, 43, '2018-09-18 05:04:21', '2018-09-18 05:04:21'),
(51, 'Erwin Mayer', 'Quos est praesentium cumque quia. Rem fugit voluptatibus ipsum nihil et assumenda iusto et. Nesciunt laboriosam dignissimos et magnam.', 3, 26, '2018-09-18 05:04:22', '2018-09-18 05:04:22'),
(52, 'Vincenza Koelpin', 'Non quia quisquam est quam eligendi ea. Ut consectetur soluta occaecati in alias nihil sapiente. Aut aut aut dolor et ut dignissimos. Dolore facere dolores non nam. Ut iusto omnis in dicta qui saepe.', 1, 34, '2018-09-18 05:04:24', '2018-09-18 05:04:24'),
(53, 'Lyda Cruickshank', 'Iure ut eligendi voluptatem quas at pariatur. Vel dolores suscipit ipsa provident reprehenderit. Eveniet tenetur est quis et.', 0, 23, '2018-09-18 05:04:24', '2018-09-18 05:04:24'),
(54, 'Marcelle Witting', 'Officia cupiditate sed ratione unde. Maiores voluptatem omnis non laudantium. Libero libero veniam sed voluptatibus rem rerum.', 2, 34, '2018-09-18 05:04:24', '2018-09-18 05:04:24'),
(55, 'Tess Upton', 'Facere aut doloribus saepe sequi minus atque delectus. Dolor qui odit dicta nostrum maxime voluptatibus sed. Vel suscipit quasi laborum quod ea consequatur vitae eligendi.', 1, 8, '2018-09-18 05:04:24', '2018-09-18 05:04:24'),
(56, 'Jake Hayes', 'Aut inventore sint at tempore culpa. Id ad aperiam dolorum quo omnis distinctio. Exercitationem quia sint aut.', 1, 44, '2018-09-18 05:04:24', '2018-09-18 05:04:24'),
(57, 'Manuela Nienow', 'Ipsam velit suscipit velit. Totam impedit modi veniam et. Facere voluptates quasi voluptas debitis nam eveniet occaecati.', 5, 26, '2018-09-18 05:04:25', '2018-09-18 05:04:25'),
(58, 'Mackenzie Watsica V', 'Porro voluptate pariatur minus rerum ex autem dolor. Tempore voluptas laborum ad facilis. Officiis quas laboriosam consectetur in sit consequatur.', 4, 35, '2018-09-18 05:04:25', '2018-09-18 05:04:25'),
(59, 'Verna Mitchell', 'Et perferendis consequuntur assumenda sint. Harum consequatur harum atque et mollitia. In inventore officia est.', 3, 2, '2018-09-18 05:04:25', '2018-09-18 05:04:25'),
(60, 'Lorenza Witting', 'Quasi dolorum officiis impedit illum est et delectus doloremque. Nobis molestiae sed mollitia dolor. Ullam sunt voluptas optio non.', 1, 20, '2018-09-18 05:04:26', '2018-09-18 05:04:26'),
(61, 'Rosie Bergnaum PhD', 'Eius iure magni voluptatem ducimus voluptatem ipsam excepturi. Nihil aut non velit tenetur. Perferendis et nemo similique distinctio officia molestiae sunt tempore. Quod est fuga itaque cupiditate. Vero eos earum deserunt pariatur deleniti aut qui.', 2, 31, '2018-09-18 05:04:26', '2018-09-18 05:04:26'),
(62, 'Leonel Stehr', 'Ipsam unde delectus mollitia soluta officiis aspernatur nihil. Ipsam est velit modi qui quos voluptas. Ea nostrum sint omnis ducimus ut consequatur autem.', 3, 33, '2018-09-18 05:04:26', '2018-09-18 05:04:26'),
(63, 'Hunter Armstrong', 'Inventore autem quasi est quis quibusdam eos ut. Deserunt iste rem velit laborum fugiat necessitatibus eius laudantium. Aut voluptates maxime est omnis enim fugit nostrum ex.', 1, 47, '2018-09-18 05:04:27', '2018-09-18 05:04:27'),
(64, 'Gustave Funk III', 'Quasi consequatur autem deleniti sunt. Deleniti nisi voluptatem aut cumque odio quas et. Porro qui optio id exercitationem rem. Animi fugiat dolorem ullam quam impedit et.', 4, 6, '2018-09-18 05:04:27', '2018-09-18 05:04:27'),
(65, 'Ashton Hessel', 'Repudiandae aspernatur doloribus omnis quo. Voluptas praesentium totam ea at earum. A est fuga dolore in sint. Voluptatem tenetur corporis nihil qui itaque voluptas id animi.', 4, 43, '2018-09-18 05:04:27', '2018-09-18 05:04:27'),
(66, 'Rosella Dibbert', 'Ducimus voluptas vel provident enim dicta. Possimus nemo facere harum sint dolorem ut. Sapiente facilis illum placeat id praesentium. Tenetur velit quaerat maiores ut illum aliquam. Dolorem aperiam nam earum temporibus voluptatem aliquid dolores.', 0, 6, '2018-09-18 05:04:27', '2018-09-18 05:04:27'),
(67, 'Arnaldo Hane', 'Placeat odit aut voluptatem. Excepturi corporis et est. Numquam blanditiis voluptas sint perspiciatis id dolorem beatae. Natus totam rerum ut quod dolores. At tempore incidunt assumenda qui excepturi.', 5, 38, '2018-09-18 05:04:27', '2018-09-18 05:04:27'),
(68, 'Marcellus Cole', 'Ipsum fugit dolorem dolores sit. Molestias non et consequatur quisquam aliquam sequi ea dolor. Voluptatibus quas reprehenderit voluptas maiores voluptas.', 4, 45, '2018-09-18 05:04:28', '2018-09-18 05:04:28'),
(69, 'Stephany O\'Hara', 'Ratione tempora natus est corrupti id delectus beatae. Officia fugiat laboriosam qui eius impedit rerum nesciunt. Quia voluptatem est facilis labore doloremque.', 1, 19, '2018-09-18 05:04:28', '2018-09-18 05:04:28'),
(70, 'Elizabeth Keebler', 'Qui laborum voluptatem itaque at quisquam et aliquam ut. At blanditiis ut dolor quidem deserunt temporibus dolorem consequatur. Qui et cupiditate labore non id dolorem ex dolorum. Consequuntur et voluptatem placeat exercitationem eum.', 3, 43, '2018-09-18 05:04:28', '2018-09-18 05:04:28'),
(71, 'Clifton Stokes', 'Veniam fugiat eveniet sed ipsam illo. Possimus distinctio non fugiat deserunt placeat. Saepe aut atque natus omnis nihil nostrum repudiandae. Iusto cupiditate dolor neque autem qui maiores.', 5, 46, '2018-09-18 05:04:28', '2018-09-18 05:04:28'),
(72, 'Benjamin Watsica', 'Exercitationem recusandae ab omnis veniam ut repellat eveniet. Magnam tempore est neque aliquid. Minima mollitia similique voluptas reiciendis beatae ad accusamus dolorem. Odio voluptatem et atque.', 2, 50, '2018-09-18 05:04:28', '2018-09-18 05:04:28'),
(73, 'Aurelia Boyle', 'Ut pariatur enim officiis delectus alias eveniet. Fugiat et reprehenderit nam eos sunt voluptatibus. Et molestiae voluptas accusantium enim in et quis laborum.', 3, 20, '2018-09-18 05:04:28', '2018-09-18 05:04:28'),
(74, 'Bennie Lockman', 'Asperiores qui ipsa repudiandae aut. Natus dolorem aliquam sit dolor sed dolores possimus exercitationem. Rerum voluptas rerum nisi sit similique.', 4, 22, '2018-09-18 05:04:29', '2018-09-18 05:04:29'),
(75, 'Kiel Toy', 'Consequatur velit sint repellat voluptates pariatur asperiores. Quaerat sit et modi et est consequatur voluptatem. Itaque veritatis recusandae et nesciunt nostrum similique. Et non omnis autem est doloribus. Ut recusandae nihil molestiae libero iusto modi.', 5, 13, '2018-09-18 05:04:29', '2018-09-18 05:04:29'),
(76, 'Prof. Linda Kuhic', 'Omnis consequatur ut rerum odit ipsam omnis. Harum dolor eaque sed minus quia ut. Molestiae nihil praesentium consequuntur sit. Ad accusantium repellat odit aut eum adipisci enim.', 5, 11, '2018-09-18 05:04:29', '2018-09-18 05:04:29'),
(77, 'Prof. Sabrina Leannon', 'Enim perspiciatis sunt consectetur nostrum eos ab. Qui rerum doloremque alias at quisquam eveniet. Dolor et eaque debitis et nihil sunt vero. Et occaecati laboriosam officiis.', 4, 4, '2018-09-18 05:04:29', '2018-09-18 05:04:29'),
(78, 'Abdullah Donnelly', 'Quidem eaque veniam beatae odit voluptatem ut odit. Accusantium facilis placeat voluptas. Voluptas veritatis maiores nesciunt corrupti perferendis quae adipisci.', 0, 49, '2018-09-18 05:04:29', '2018-09-18 05:04:29'),
(79, 'Louvenia Miller', 'Ducimus ab pariatur voluptatum blanditiis sit repellendus sunt. Reprehenderit sunt voluptatem alias sunt corporis maxime voluptatem. Harum repudiandae consectetur dolorem minima eum dolore. Cum et voluptates velit ipsum molestiae omnis in vel. Fugit beatae aut ea qui quo explicabo.', 4, 23, '2018-09-18 05:04:29', '2018-09-18 05:04:29'),
(80, 'Brianne Goodwin', 'Inventore et omnis voluptatem illo voluptatem quod. Occaecati aperiam odio voluptatum perferendis deserunt impedit reprehenderit sunt. Nobis pariatur quibusdam libero impedit iure. Rerum magni nihil non ut nisi.', 3, 52, '2018-09-18 05:04:29', '2018-09-18 05:04:29'),
(81, 'Verlie Bednar III', 'Ut reprehenderit quae provident vitae ex. Cupiditate neque perferendis dolorem porro repudiandae. Praesentium aspernatur perspiciatis atque est soluta id.', 5, 4, '2018-09-18 05:04:29', '2018-09-18 05:04:29'),
(82, 'Myrtis Gulgowski', 'Est exercitationem ut quaerat corrupti. Omnis labore voluptatem consequatur enim quibusdam. Inventore eligendi quidem et ullam in quia eos iure.', 1, 4, '2018-09-18 05:04:29', '2018-09-18 05:04:29'),
(83, 'Prof. Easter Welch I', 'Nulla pariatur sint adipisci culpa. Ratione sapiente officiis assumenda at et. Accusantium hic excepturi aut eius eligendi tempora nisi.', 5, 44, '2018-09-18 05:04:29', '2018-09-18 05:04:29'),
(84, 'Adolf Abernathy', 'Dolor saepe perspiciatis delectus voluptates et. Perferendis ipsum nostrum accusamus quas. Sed ab veritatis veritatis saepe occaecati libero.', 0, 15, '2018-09-18 05:04:29', '2018-09-18 05:04:29'),
(85, 'Elvis Romaguera', 'Sequi sit beatae eum rerum error consequuntur alias. Commodi maiores expedita hic harum aut reiciendis. Ut ut doloribus animi soluta.', 1, 25, '2018-09-18 05:04:29', '2018-09-18 05:04:29'),
(86, 'Mrs. Nyah Schaden', 'Quisquam mollitia temporibus unde aut quam. Totam ipsa ipsum quod ducimus qui. Consectetur quod nihil aut ab earum magnam. Voluptas officia eos quia perspiciatis laboriosam ipsa.', 2, 27, '2018-09-18 05:04:29', '2018-09-18 05:04:29'),
(87, 'Prof. Jaquelin McDermott', 'At exercitationem adipisci nemo voluptatem veniam qui. Mollitia sed dolores rerum vel. Harum et corporis aut doloribus.', 5, 19, '2018-09-18 05:04:29', '2018-09-18 05:04:29'),
(88, 'Prof. Kelsi Kshlerin II', 'Minima autem reiciendis molestiae ad qui enim. Tempora eos vel sit voluptatem sequi rerum amet. Qui qui dolore asperiores illum. Perferendis dicta nobis dolore vitae et doloribus omnis.', 4, 35, '2018-09-18 05:04:30', '2018-09-18 05:04:30'),
(89, 'Prof. Bonnie Powlowski', 'Ut sit amet corporis sint impedit explicabo. Impedit omnis voluptatem cumque accusantium. Maiores ipsum aperiam in vel minus praesentium consequatur.', 2, 21, '2018-09-18 05:04:30', '2018-09-18 05:04:30'),
(90, 'Sienna Corkery', 'Eum est est ea tempora dolor quis eaque sed. Expedita dolor fugit ut. Quidem dolores quidem suscipit omnis aperiam accusamus.', 0, 8, '2018-09-18 05:04:30', '2018-09-18 05:04:30'),
(91, 'Donato Kilback', 'Voluptatem recusandae reiciendis ducimus totam natus voluptas illum voluptas. In accusantium fuga aliquid.', 5, 39, '2018-09-18 05:04:30', '2018-09-18 05:04:30'),
(92, 'Cassidy Shields', 'Veritatis voluptate assumenda doloremque quas voluptatem unde. Omnis repudiandae praesentium eum sed magnam et. Libero eveniet ut consequatur alias et.', 0, 20, '2018-09-18 05:04:30', '2018-09-18 05:04:30'),
(93, 'Raheem Kub', 'Officia labore eum tenetur voluptas libero sint. Sint et tempora exercitationem vero voluptas aut. Inventore corporis sit doloremque praesentium laudantium et maiores corrupti.', 5, 38, '2018-09-18 05:04:30', '2018-09-18 05:04:30'),
(94, 'Sherwood Mayert DDS', 'Aliquam voluptatum voluptas a aut. Doloribus magnam laboriosam iure aut eveniet laborum.', 4, 18, '2018-09-18 05:04:31', '2018-09-18 05:04:31'),
(95, 'Lavinia Hyatt PhD', 'Perspiciatis sunt voluptates iste a. Tenetur in asperiores dignissimos perspiciatis occaecati id. Possimus soluta voluptates omnis aut occaecati qui. Nemo sed praesentium eum ab et.', 5, 24, '2018-09-18 05:04:31', '2018-09-18 05:04:31'),
(96, 'Miss Trudie Bergstrom Jr.', 'Expedita est aut est perferendis. Quos consequatur sed laboriosam provident incidunt eaque. Quo recusandae cum fugiat maxime enim. Aspernatur sed dicta qui debitis ut.', 0, 46, '2018-09-18 05:04:31', '2018-09-18 05:04:31'),
(97, 'Titus Kunze DVM', 'Voluptatem atque dolorum voluptatem beatae distinctio praesentium aspernatur. Adipisci ducimus atque explicabo non cum consequatur deleniti. Temporibus possimus et aperiam.', 1, 44, '2018-09-18 05:04:31', '2018-09-18 05:04:31'),
(98, 'Wilfredo Hodkiewicz', 'Enim rerum reiciendis sit voluptate. Vero eos totam consectetur aut doloremque. Ipsa repellat id vero voluptatibus. Dolores ipsa quas amet non voluptas. Recusandae cum expedita esse unde eius nihil.', 2, 47, '2018-09-18 05:04:31', '2018-09-18 05:04:31'),
(99, 'Toney Satterfield', 'Consequatur facere consequuntur soluta itaque iusto architecto. Maxime delectus voluptas in ut eos. Magnam provident a ut delectus explicabo dolores. Excepturi id dolores non nam qui pariatur est.', 5, 26, '2018-09-18 05:04:31', '2018-09-18 05:04:31'),
(100, 'Dawn Feest', 'Nemo eos et non maiores nihil laborum blanditiis. Saepe vitae rerum in explicabo. Dolore quaerat consectetur modi necessitatibus autem beatae similique. Voluptas ratione corrupti qui sit et est.', 2, 46, '2018-09-18 05:04:32', '2018-09-18 05:04:32'),
(101, 'Mr. Loy Zulauf', 'Nemo excepturi ut excepturi omnis ut ullam. Voluptatem inventore quia non eaque. Consequatur enim eum nam. Vel modi amet animi aperiam qui magni consequatur.', 1, 46, '2018-09-18 05:04:32', '2018-09-18 05:04:32'),
(102, 'Mr. Angelo Pacocha II', 'Enim ad et sed consequatur modi rerum ea et. Beatae iusto voluptatem nisi. Quae aut est voluptatem aspernatur voluptatem praesentium eligendi et.', 5, 1, '2018-09-18 05:04:32', '2018-09-18 05:04:32'),
(103, 'Prof. Theo Barrows V', 'Est voluptatem cum et quasi. Debitis consequatur qui et ipsa. Ratione et qui et. Vitae beatae ut animi ut reprehenderit doloremque.', 2, 38, '2018-09-18 05:04:32', '2018-09-18 05:04:32'),
(104, 'Bradford Littel DVM', 'Dolor est sed est dolorem quas asperiores reiciendis at. Voluptatibus reprehenderit ipsum maiores aperiam consectetur provident debitis. Expedita odio repudiandae vel veniam error eum et aut. Veniam modi laborum sed aliquid eum dolor assumenda.', 1, 49, '2018-09-18 05:04:32', '2018-09-18 05:04:32'),
(105, 'Norval Erdman', 'Ut quisquam sint qui aut alias. Voluptates culpa nostrum quam eaque ullam eaque molestias esse.', 4, 4, '2018-09-18 05:04:32', '2018-09-18 05:04:32'),
(106, 'Mittie Morar', 'Hic beatae non quibusdam dolores quis aut. Sequi vel a eius accusamus nulla nesciunt aut. Odit delectus facilis deleniti enim doloribus et assumenda.', 1, 48, '2018-09-18 05:04:32', '2018-09-18 05:04:32'),
(107, 'Rhea Mraz', 'Qui sunt debitis veniam eos dolores in eveniet. Magnam suscipit atque qui sunt. Mollitia natus veniam voluptate. Quia eum non corrupti totam.', 1, 29, '2018-09-18 05:04:32', '2018-09-18 05:04:32'),
(108, 'Thaddeus Mills', 'Assumenda enim aut velit modi. Et voluptas minima commodi harum. Officia eos quia non illum occaecati eum maxime. Debitis magni itaque quod id odio velit rerum eos.', 5, 9, '2018-09-18 05:04:32', '2018-09-18 05:04:32'),
(109, 'Cooper Flatley', 'Eos vero necessitatibus sequi alias. Quod et velit qui incidunt. Ad et expedita voluptas quia amet consectetur.', 1, 31, '2018-09-18 05:04:32', '2018-09-18 05:04:32'),
(110, 'Milford Hartmann', 'Blanditiis illo animi quidem temporibus. Porro asperiores est totam sit eos. Deleniti ullam natus assumenda qui repellat est assumenda.', 2, 1, '2018-09-18 05:04:32', '2018-09-18 05:04:32'),
(111, 'Colby Gleichner', 'Et labore laborum et non. Sint sed totam dolor omnis possimus voluptatem. Officiis aut dolor omnis incidunt doloribus aperiam.', 4, 4, '2018-09-18 05:04:32', '2018-09-18 05:04:32'),
(112, 'Issac Leannon', 'Et ipsa est rerum est vitae necessitatibus voluptas. Voluptas est laboriosam aut est officia. Eum molestiae libero sit sit officia voluptatem. Minus veniam et aut asperiores impedit.', 1, 24, '2018-09-18 05:04:33', '2018-09-18 05:04:33'),
(113, 'Autumn Waters DDS', 'Sapiente rerum enim optio quia. Repellat numquam culpa laudantium quis. Voluptatem qui reprehenderit laudantium voluptas quas et.', 0, 14, '2018-09-18 05:04:33', '2018-09-18 05:04:33'),
(114, 'Paxton Sauer', 'Esse qui ut nulla qui nisi debitis. Est adipisci maiores et alias perspiciatis. Aliquid velit non saepe corrupti. Aperiam animi qui modi velit.', 4, 5, '2018-09-18 05:04:33', '2018-09-18 05:04:33'),
(115, 'Jalen Kassulke', 'Cupiditate facere quis sunt perspiciatis. Nihil qui maxime soluta ut nulla. Aperiam aut consequatur officia. Non corrupti sunt error unde alias quis. Nihil autem ut quis ut.', 1, 9, '2018-09-18 05:04:33', '2018-09-18 05:04:33'),
(116, 'Mr. Colton Gleason Sr.', 'Maxime architecto quos voluptas quod distinctio et. Facilis corporis enim at temporibus cumque dignissimos porro. Voluptates autem quo mollitia doloremque perspiciatis omnis voluptatem corrupti.', 3, 52, '2018-09-18 05:04:34', '2018-09-18 05:04:34'),
(117, 'Xavier Marks', 'Aut sed ea officia quidem. Maiores dolores sapiente aut rerum.', 0, 11, '2018-09-18 05:04:34', '2018-09-18 05:04:34'),
(118, 'Pansy Hessel', 'Excepturi praesentium atque voluptatem nulla labore. Non quis consequuntur voluptate optio et quia. Eum molestiae et quisquam minima ut voluptas natus.', 0, 5, '2018-09-18 05:04:34', '2018-09-18 05:04:34'),
(119, 'Prof. Ryan Bernhard', 'Perferendis nisi dolorem quia ad et omnis. Repudiandae praesentium modi quasi eos accusantium quaerat.', 3, 9, '2018-09-18 05:04:34', '2018-09-18 05:04:34'),
(120, 'Dean Lesch', 'Molestias sunt in laboriosam. Nesciunt sit aut iste ut et.', 1, 7, '2018-09-18 05:04:35', '2018-09-18 05:04:35'),
(121, 'Herta Waelchi I', 'Autem ullam voluptate corrupti rerum sint ea. Aut qui at tempora harum. Modi nobis et sed eos nisi.', 1, 49, '2018-09-18 05:04:35', '2018-09-18 05:04:35'),
(122, 'Mike Schuster', 'Ullam minus nihil autem fugiat. Reprehenderit repellat mollitia illum officiis inventore. Est magnam magnam illo eligendi quia nobis.', 1, 21, '2018-09-18 05:04:35', '2018-09-18 05:04:35'),
(123, 'Prof. Shyann Cruickshank', 'Quas ut sint reprehenderit consequuntur qui et est. Asperiores asperiores consectetur aspernatur dicta qui dolorem veniam. Dolorum id officia sit occaecati sed. Architecto quia non fuga quo aperiam.', 3, 49, '2018-09-18 05:04:35', '2018-09-18 05:04:35'),
(124, 'Kristy Kozey MD', 'Neque accusamus temporibus necessitatibus laborum perspiciatis nisi. Eos quaerat error accusamus illo animi ea. Ut nemo sed reiciendis.', 4, 32, '2018-09-18 05:04:36', '2018-09-18 05:04:36'),
(125, 'Shayne Corkery IV', 'Placeat et doloremque aspernatur voluptatem. Repellendus tempore placeat eum sit error qui distinctio. Veritatis corporis est odit et dolores accusamus. Id sequi sed minus reprehenderit perspiciatis. Aperiam animi velit aperiam recusandae sint doloribus veritatis.', 5, 16, '2018-09-18 05:04:36', '2018-09-18 05:04:36'),
(126, 'Dr. Flossie Shanahan', 'Enim in laboriosam occaecati nemo ut ad culpa. Alias consequuntur vitae quia accusamus facilis nobis. Ea culpa nisi eos sed dolorem.', 4, 52, '2018-09-18 05:04:36', '2018-09-18 05:04:36'),
(127, 'Prof. Abner Fahey V', 'In impedit quis et laudantium nihil praesentium. Hic vero eligendi et voluptate iusto quos qui. Et sequi doloremque nesciunt fugiat. A maxime molestiae illum harum animi.', 5, 21, '2018-09-18 05:04:37', '2018-09-18 05:04:37'),
(128, 'Bobby Collier', 'Labore eos illum sit ut et ea nemo. Vel vel porro minima. Quia nulla consequatur dolorem vitae. Sit explicabo omnis porro ex autem sit illo.', 2, 33, '2018-09-18 05:04:37', '2018-09-18 05:04:37'),
(129, 'Mrs. Yasmeen Adams', 'Incidunt placeat distinctio autem cum numquam nihil. Amet autem doloribus odio quis aut ut quo qui. Voluptatem fugiat aliquid vel quas repellendus exercitationem sit. Laborum dolor hic esse sint molestiae ut.', 1, 14, '2018-09-18 05:04:37', '2018-09-18 05:04:37'),
(130, 'Kody Morissette', 'Numquam illo eos repellendus et. Dolorum doloremque occaecati velit soluta vel earum minima eaque. Quaerat voluptatem eveniet tempora rerum. Amet ut quidem quae blanditiis blanditiis sint sit nisi.', 0, 27, '2018-09-18 05:04:37', '2018-09-18 05:04:37'),
(131, 'Miss Cindy Walsh Sr.', 'Illum est quia repellat et modi inventore accusantium. Blanditiis perferendis non at qui itaque rerum. Veritatis perferendis quidem quia architecto qui. Rerum libero eum quia deleniti tempora esse molestias. Molestiae dolor debitis quidem non.', 1, 41, '2018-09-18 05:04:37', '2018-09-18 05:04:37'),
(132, 'Garth Nienow', 'Totam eaque ipsam aliquam quae soluta. Sit rem doloribus voluptatem iure laboriosam quae. Eaque nostrum officia animi facilis deserunt doloribus.', 4, 47, '2018-09-18 05:04:37', '2018-09-18 05:04:37'),
(133, 'Francisco McDermott', 'Consequatur qui qui quia ut incidunt commodi iusto culpa. Consequatur et non delectus assumenda adipisci. Voluptas voluptatem est sapiente delectus iure. Tempora aut voluptatibus consequuntur labore praesentium ratione. Architecto omnis optio non quasi dolorem.', 4, 48, '2018-09-18 05:04:37', '2018-09-18 05:04:37'),
(134, 'Marietta Mitchell PhD', 'Et consequatur sed harum dolorem aliquam iusto tempora. Qui cumque nam molestias aut. Sit necessitatibus et consequatur et voluptatum. Ut modi tempore impedit quo vel sapiente minima.', 1, 33, '2018-09-18 05:04:37', '2018-09-18 05:04:37'),
(135, 'Dr. Belle Stokes I', 'Iusto cum hic deserunt qui omnis. Alias autem ad a unde dignissimos suscipit possimus. Qui voluptatem libero esse illum.', 2, 22, '2018-09-18 05:04:37', '2018-09-18 05:04:37'),
(136, 'Ms. Sandra Schmeler', 'Consequuntur sint labore labore voluptates. Omnis ut cupiditate magnam quas ut est. Ipsa praesentium veniam harum minus omnis voluptates cumque reiciendis. Ut quaerat animi omnis laboriosam aut hic nam.', 1, 35, '2018-09-18 05:04:37', '2018-09-18 05:04:37'),
(137, 'Amelie Johnson', 'Quos sint alias maiores voluptas. Deleniti nostrum fugiat nisi id pariatur. Consectetur totam sit aliquam. Ex inventore neque earum nemo natus voluptates sapiente praesentium.', 5, 49, '2018-09-18 05:04:38', '2018-09-18 05:04:38'),
(138, 'Edmond Cronin', 'In voluptas debitis eius. Odit ut facere aut non. Nostrum architecto facere fugit quos quis ab ipsam. Quo iure facilis sed omnis.', 2, 13, '2018-09-18 05:04:38', '2018-09-18 05:04:38'),
(139, 'Webster Buckridge', 'Voluptatem necessitatibus quisquam dicta eveniet minus asperiores. Quod ut eius autem mollitia. Laboriosam distinctio voluptas nisi enim voluptatem illo. Ab culpa quo aut non voluptates neque iure.', 1, 27, '2018-09-18 05:04:38', '2018-09-18 05:04:38'),
(140, 'Heaven Pouros', 'Quos eveniet quod culpa explicabo maiores itaque aut. Odio voluptate eveniet eligendi numquam rerum eum autem. Error sit repellat quis delectus ullam consequatur suscipit. Blanditiis commodi placeat et nemo ut.', 0, 13, '2018-09-18 05:04:38', '2018-09-18 05:04:38'),
(141, 'Adonis Mitchell', 'Doloremque voluptatem et consequatur qui architecto. Eos ea dicta non odio reiciendis culpa dolores laboriosam. Error voluptatibus officiis architecto laboriosam saepe.', 1, 26, '2018-09-18 05:04:38', '2018-09-18 05:04:38'),
(142, 'Dr. Coty O\'Kon Jr.', 'Voluptatem quo numquam fugit dolorem asperiores. Et nostrum quae aut maxime ea. Eaque excepturi sunt aut. Nostrum est autem quasi reiciendis omnis sunt eius. Et assumenda consectetur pariatur ullam iusto excepturi.', 1, 24, '2018-09-18 05:04:38', '2018-09-18 05:04:38'),
(143, 'Dayna Howe', 'Nemo amet adipisci aut dolor et minima. Voluptas omnis non nulla commodi dolor earum eos ratione. Est soluta quidem eius asperiores.', 1, 42, '2018-09-18 05:04:38', '2018-09-18 05:04:38'),
(144, 'Marcos Runte V', 'Fugit omnis distinctio eos. Quia ea consequatur sed deserunt libero doloribus consectetur. Nobis est aut ex vero. Harum enim nemo dolor id qui laudantium aperiam aut.', 4, 47, '2018-09-18 05:04:38', '2018-09-18 05:04:38'),
(145, 'Dr. Jaqueline Breitenberg', 'Molestiae earum quidem dolore est vero porro consequatur. Cupiditate non nesciunt quibusdam aliquam unde. Quas mollitia voluptatem recusandae ducimus aspernatur.', 4, 29, '2018-09-18 05:04:38', '2018-09-18 05:04:38'),
(146, 'Abbey Quigley', 'Beatae nisi rerum aut. Porro impedit rerum adipisci. Eius est rerum quo vel rerum quod. Impedit mollitia sed facilis neque totam ut explicabo. Accusantium reprehenderit cum in alias et.', 3, 29, '2018-09-18 05:04:38', '2018-09-18 05:04:38'),
(147, 'Prof. Karianne Padberg III', 'Quibusdam optio dolores nesciunt dolorem et ea quam. Facilis sunt facere vel culpa voluptatem.', 4, 48, '2018-09-18 05:04:38', '2018-09-18 05:04:38'),
(148, 'Mr. Deron Jaskolski', 'Non hic et rem est et dolorum quia eos. Deserunt ab non et quia amet repellendus. Et non fugit distinctio amet.', 0, 7, '2018-09-18 05:04:38', '2018-09-18 05:04:38'),
(149, 'Mr. Lucious Parker DVM', 'Eaque et quia esse sint aut ut. Facere atque maiores laborum sequi quas minus sunt. Qui et sapiente adipisci porro maiores. Omnis sit aperiam quod voluptas placeat soluta suscipit numquam.', 0, 52, '2018-09-18 05:04:39', '2018-09-18 05:04:39'),
(150, 'Maximillia Hartmann', 'Et ipsam totam excepturi vel perspiciatis animi. Sequi possimus eos error possimus vel deserunt. Inventore amet placeat est unde fugit. Cupiditate sapiente dolorem a aperiam ut vitae autem.', 4, 24, '2018-09-18 05:04:39', '2018-09-18 05:04:39'),
(151, 'Dorothy Welch', 'Consectetur illum odit hic totam. Ea voluptas commodi ex vel quod consequatur. Consequatur iure veritatis non unde et consequatur. Temporibus dolorum pariatur reiciendis ea voluptatibus mollitia sed ut.', 1, 32, '2018-09-18 05:04:39', '2018-09-18 05:04:39'),
(152, 'Nicolas Rolfson', 'Officia officiis dolorum voluptates sequi voluptatem ipsum. Omnis nobis deleniti sed. Reiciendis expedita reiciendis eum aut. Provident tempora nisi autem rem omnis earum architecto.', 2, 43, '2018-09-18 05:04:39', '2018-09-18 05:04:39'),
(153, 'Ole Satterfield', 'Cum et minima porro et facere voluptates perferendis. Suscipit impedit voluptas delectus dolores rerum libero iusto deserunt. Aperiam debitis voluptatem error quam occaecati voluptatum.', 4, 8, '2018-09-18 05:04:39', '2018-09-18 05:04:39'),
(154, 'Jose Veum', 'Temporibus voluptas corrupti omnis in ut fuga repudiandae. Dolorum quia maxime in. Illum eveniet aut ipsam delectus laudantium et qui. Est sapiente dolorem repudiandae ullam iste repudiandae alias non.', 4, 12, '2018-09-18 05:04:39', '2018-09-18 05:04:39'),
(155, 'Garret Paucek', 'Vel et provident reiciendis expedita maiores voluptas blanditiis. At quos dignissimos eveniet quasi eum doloremque voluptatem voluptas.', 5, 27, '2018-09-18 05:04:39', '2018-09-18 05:04:39'),
(156, 'Prince Johnson', 'Provident id mollitia qui et eligendi omnis. Facere eos velit dolor eum cumque. Veritatis repellat non rerum iste. Non omnis a non eos vel optio.', 0, 33, '2018-09-18 05:04:40', '2018-09-18 05:04:40'),
(157, 'Mr. Monroe Rogahn Jr.', 'Consequatur et nemo fugit aut temporibus minima. Voluptatibus repellat perspiciatis beatae. Sed id et et omnis pariatur.', 0, 50, '2018-09-18 05:04:40', '2018-09-18 05:04:40'),
(158, 'Mr. Arturo Crooks III', 'Maxime et vel quia animi at harum expedita ratione. Voluptas exercitationem enim voluptatibus necessitatibus non quam consectetur. Provident qui rerum est id enim ea dolores ex.', 2, 11, '2018-09-18 05:04:40', '2018-09-18 05:04:40'),
(159, 'Jakob Parker', 'Aliquid maxime nihil minima sed. Voluptatem et quibusdam incidunt architecto aut impedit. Voluptate magnam incidunt sunt eum earum enim eum. Voluptates necessitatibus esse nam.', 0, 37, '2018-09-18 05:04:40', '2018-09-18 05:04:40'),
(160, 'Sage Botsford', 'Quis impedit et possimus soluta voluptatem voluptate. Eum architecto sequi aut consequuntur odit nobis. Iure reprehenderit consequuntur suscipit esse temporibus occaecati explicabo. Et voluptatem et laudantium architecto dolorum eveniet distinctio.', 1, 16, '2018-09-18 05:04:40', '2018-09-18 05:04:40'),
(161, 'Braeden Marks', 'Dolores reprehenderit et repellendus maiores officiis vitae quod aliquid. Fuga ut laborum ut ut minus nam quis. Voluptas debitis incidunt molestias maxime sit. Delectus suscipit voluptas blanditiis quas necessitatibus.', 2, 16, '2018-09-18 05:04:40', '2018-09-18 05:04:40'),
(162, 'Miss Lou Bailey', 'Eum dolor exercitationem nihil voluptatum facilis eos quae vitae. Fugiat aut odit quibusdam maiores id occaecati. Assumenda dolorem sunt rerum doloremque ut.', 0, 30, '2018-09-18 05:04:40', '2018-09-18 05:04:40'),
(163, 'Edythe Blick', 'Earum fuga earum magni doloribus. Hic qui eos omnis voluptatem dolore ut ducimus. Quos eius praesentium vero voluptatem natus nihil. Ducimus est tenetur nemo neque qui.', 4, 52, '2018-09-18 05:04:41', '2018-09-18 05:04:41'),
(164, 'Jadon Maggio', 'Praesentium quaerat totam in perferendis. Voluptatem quos qui nemo pariatur tempora deleniti tempore sed. Ad saepe nobis eum hic eaque est qui. Quisquam est consequatur aut quibusdam nobis dolor.', 2, 45, '2018-09-18 05:04:41', '2018-09-18 05:04:41'),
(165, 'Adelia Mayert IV', 'Minus libero nihil dolorem a dignissimos. Placeat sunt qui quia delectus et. Et dolorem earum voluptatem earum voluptas.', 4, 27, '2018-09-18 05:04:41', '2018-09-18 05:04:41'),
(166, 'Sadye Farrell', 'Autem enim eum adipisci ut consequuntur deleniti. Eaque quia inventore sit autem. Quia quam ea ex enim exercitationem.', 4, 32, '2018-09-18 05:04:41', '2018-09-18 05:04:41'),
(167, 'Raul Boehm', 'Ut laboriosam aut optio adipisci praesentium quis. Autem sint quasi et et praesentium dolorem et quis.', 0, 22, '2018-09-18 05:04:41', '2018-09-18 05:04:41'),
(168, 'Ms. Ila Tromp DVM', 'Voluptas aut porro quo optio occaecati. Molestiae molestias unde dolores excepturi et quaerat.', 5, 21, '2018-09-18 05:04:41', '2018-09-18 05:04:41'),
(169, 'Breana Bashirian V', 'Itaque qui sed nemo est quis rerum at unde. Consequatur enim laborum omnis architecto nisi. Fugit et provident cumque fuga excepturi mollitia fugit culpa.', 2, 13, '2018-09-18 05:04:41', '2018-09-18 05:04:41'),
(170, 'Dorothea Beatty', 'Qui quis consequatur maiores pariatur quo quis ex quos. Veritatis et distinctio similique explicabo expedita. Sint dolorum pariatur nihil voluptatem possimus consequuntur dignissimos.', 1, 13, '2018-09-18 05:04:41', '2018-09-18 05:04:41'),
(171, 'Briana Quigley', 'Assumenda nisi ea eos quasi sunt sint. Dicta nisi beatae ut et iste. Enim velit expedita voluptatem. Quas qui ipsam omnis sint.', 3, 44, '2018-09-18 05:04:41', '2018-09-18 05:04:41'),
(172, 'Dr. Ronaldo Keebler', 'Ut enim voluptate magni eos tenetur qui. Eos velit autem cum vel. Illo nam corrupti rerum quis. Ut quae in quibusdam labore.', 3, 16, '2018-09-18 05:04:41', '2018-09-18 05:04:41'),
(173, 'Nickolas Goodwin', 'Est quia et aspernatur dolores sunt enim. Laboriosam culpa vitae ut quam amet nam. Id voluptatibus earum dolorum minima provident animi ut.', 5, 31, '2018-09-18 05:04:42', '2018-09-18 05:04:42'),
(174, 'Clemmie Kohler', 'Saepe sed qui voluptatem veniam. Et dolores in quae rerum doloribus autem animi non.', 3, 48, '2018-09-18 05:04:42', '2018-09-18 05:04:42'),
(175, 'Ms. Cordie Reinger', 'Amet provident dolores qui voluptas aut nam. Inventore necessitatibus et eius qui quaerat sapiente. Hic enim explicabo voluptatum ratione aperiam.', 2, 41, '2018-09-18 05:04:42', '2018-09-18 05:04:42'),
(176, 'Enoch Glover', 'Qui voluptas sequi et. Itaque sint veritatis porro et nostrum sed sunt. Omnis totam vitae dolorum.', 1, 5, '2018-09-18 05:04:42', '2018-09-18 05:04:42'),
(177, 'Caleb Kessler', 'Labore earum animi voluptas qui sint tenetur id. Quas et est dolore cupiditate qui qui. Voluptatem libero exercitationem fugiat et sit. Beatae nisi totam eum nostrum.', 3, 44, '2018-09-18 05:04:43', '2018-09-18 05:04:43'),
(178, 'Delmer Hamill', 'Excepturi sed quasi voluptatem ut. Qui consequatur eius et aut. Qui ut optio architecto nulla.', 4, 2, '2018-09-18 05:04:43', '2018-09-18 05:04:43'),
(179, 'Chyna Kunze DVM', 'Officiis omnis dolore omnis cumque eum. Repellat culpa accusamus temporibus qui voluptate. Est amet sit cumque voluptatum est libero.', 1, 40, '2018-09-18 05:04:43', '2018-09-18 05:04:43'),
(181, 'Hailee Johnston', 'Laboriosam assumenda vero sed esse autem officiis eum excepturi. Hic non eum aut qui quo. Natus ea aliquam hic. Rerum minus corrupti placeat beatae quidem id. Nemo et ducimus praesentium.', 2, 33, '2018-09-18 05:04:44', '2018-09-18 05:04:44'),
(182, 'Teresa Dach', 'Molestiae et tenetur perferendis error vel labore. Qui rem ut est qui deserunt. Expedita labore corporis voluptatem qui in aut pariatur necessitatibus.', 4, 39, '2018-09-18 05:04:44', '2018-09-18 05:04:44'),
(183, 'Prof. Margaretta Langosh', 'Et ut sunt facere. Reiciendis ad velit minima sequi. Sit quos nisi sapiente illo voluptatem sint. Adipisci velit consequuntur numquam natus rerum voluptate laudantium dolorem.', 5, 1, '2018-09-18 05:04:44', '2018-09-18 05:04:44'),
(184, 'Miss Anissa Schneider', 'Temporibus nemo quia amet fugiat repudiandae nam animi. Eos architecto unde at molestias quasi dolores voluptate. Dolores qui sed ipsum aut. Quam nam veniam impedit ut.', 1, 5, '2018-09-18 05:04:44', '2018-09-18 05:04:44'),
(185, 'Meagan Mills', 'Maiores totam minus sit quia et officia numquam. Nihil vel vero reiciendis voluptates. Animi eos inventore facere sed et.', 3, 28, '2018-09-18 05:04:44', '2018-09-18 05:04:44'),
(187, 'Kay Bashirian', 'Quasi molestias doloremque aliquam a dolores ut. Eveniet amet fugiat recusandae ad. Nobis nulla in enim vero voluptatem.', 1, 13, '2018-09-18 05:04:44', '2018-09-18 05:04:44'),
(188, 'Rosalinda Wunsch', 'Asperiores quo architecto est qui vitae quos earum. Eos itaque esse dolorem repellat. Soluta ut et voluptatum tenetur autem. Velit possimus veritatis dolorem vero repellendus voluptatem eius odit.', 3, 7, '2018-09-18 05:04:44', '2018-09-18 05:04:44'),
(189, 'Dr. Candelario White Sr.', 'Dolor ea consequuntur libero natus qui enim. Sit perspiciatis accusantium voluptas tempora consequatur veniam cumque. Doloribus deleniti ipsum incidunt necessitatibus dolorum. Rem tempore iste rerum ab laboriosam et.', 0, 40, '2018-09-18 05:04:44', '2018-09-18 05:04:44'),
(190, 'Rachel Marvin', 'Est et ut est dicta repudiandae. Error ea omnis debitis consectetur est culpa ut maiores. Ducimus consequuntur occaecati aut est reprehenderit.', 2, 10, '2018-09-18 05:04:45', '2018-09-18 05:04:45'),
(191, 'Clark Huels', 'Voluptatum ex optio nostrum quis. Provident fuga illum quaerat. Repellendus et quos sequi ut. Et qui dolorum et voluptas.', 3, 50, '2018-09-18 05:04:45', '2018-09-18 05:04:45'),
(192, 'Otto Dickinson', 'Nihil repellendus ratione atque et sunt cupiditate quibusdam amet. Ut aut voluptas ut quisquam at a inventore. Similique consequuntur quis voluptatem ut et tempore nisi.', 1, 41, '2018-09-18 05:04:45', '2018-09-18 05:04:45'),
(194, 'Johnson Okuneva III', 'Adipisci tenetur amet repellat iste doloremque non culpa. Voluptate numquam laboriosam dolorum. Magni quo optio sed facilis aliquam.', 2, 34, '2018-09-18 05:04:45', '2018-09-18 05:04:45'),
(195, 'Rickie Parker', 'Minima laboriosam aspernatur non dolorem reprehenderit necessitatibus repellat. Temporibus dolorem vitae qui odit nesciunt est. Esse accusamus illo quaerat impedit ut et hic aspernatur. Maiores dolores temporibus vel suscipit molestiae.', 2, 26, '2018-09-18 05:04:45', '2018-09-18 05:04:45'),
(196, 'Miss Paula McLaughlin', 'Officiis quas nisi recusandae qui laborum sint sed perferendis. Facere ut soluta voluptatem deleniti praesentium. Qui dolores non illo suscipit. Dolore tempora deserunt rerum.', 1, 4, '2018-09-18 05:04:46', '2018-09-18 05:04:46'),
(197, 'Dr. Everardo Welch', 'Incidunt nemo a dolorem saepe. Error odit eveniet et fuga incidunt velit. Excepturi qui aut voluptatem harum unde.', 5, 30, '2018-09-18 05:04:46', '2018-09-18 05:04:46'),
(198, 'Miss Ima Gleason', 'Esse sed et quis nemo. Quis laborum earum ex minus repudiandae quidem. Ipsa repellendus asperiores quam aspernatur qui nobis. Esse esse quibusdam eligendi.', 3, 34, '2018-09-18 05:04:46', '2018-09-18 05:04:46'),
(199, 'Ernestina Willms', 'Aliquid tempora nesciunt et id sunt perspiciatis. Ullam reprehenderit est ratione repellat quo dolorum assumenda. Placeat enim adipisci vel in vitae ullam quisquam. Ex repellat expedita minus et est aut explicabo.', 2, 44, '2018-09-18 05:04:46', '2018-09-18 05:04:46'),
(200, 'Lucile Zieme', 'Est sit consequatur nisi quia ipsum dolor non. Numquam facilis iure quia earum blanditiis laudantium magni ducimus. Aut recusandae voluptas et nulla iure iste cupiditate omnis. Sed sit corporis suscipit illum. Maxime illum eos sed est quia.', 2, 51, '2018-09-18 05:04:46', '2018-09-18 05:04:46'),
(201, 'Friedrich Willms III', 'Voluptatem perferendis sint quia voluptatum ut et. Quis voluptas quia et ut totam voluptas reprehenderit dolor. Quaerat cupiditate modi quae non eius.', 5, 7, '2018-09-18 05:04:46', '2018-09-18 05:04:46'),
(202, 'Nora Bechtelar Jr.', 'Quod et architecto aut quas sed. Officiis voluptas aliquid repellendus impedit totam aut. Placeat aut sed laudantium numquam neque cupiditate. Enim sint nam placeat hic dolore quis sunt magnam.', 2, 24, '2018-09-18 05:04:46', '2018-09-18 05:04:46'),
(203, 'Everette Sanford II', 'Sit dolor in quam et iure suscipit. Recusandae voluptas suscipit aut in. Id perspiciatis quia aut quisquam consequatur rerum laborum. Aliquid aliquid recusandae unde.', 4, 4, '2018-09-18 05:04:47', '2018-09-18 05:04:47'),
(204, 'America Hirthe', 'Blanditiis reiciendis quod quia accusamus. Molestiae nisi ut cumque dolores dolores. Ut repellat voluptas sunt. Qui accusamus praesentium neque provident.', 1, 52, '2018-09-18 05:04:47', '2018-09-18 05:04:47'),
(205, 'Elsie Kub', 'Sit quibusdam possimus ea modi. Nihil aut ut quidem officiis perspiciatis. Consectetur laudantium laudantium rerum optio nisi odit.', 5, 46, '2018-09-18 05:04:47', '2018-09-18 05:04:47'),
(206, 'Dr. Jose Koch I', 'Assumenda deleniti dolores aut nihil ut. Accusamus natus ducimus qui. Dignissimos excepturi qui assumenda ratione cumque nostrum. Dicta et odio iusto.', 0, 31, '2018-09-18 05:04:47', '2018-09-18 05:04:47'),
(207, 'Jayda Mayer Sr.', 'Corporis praesentium saepe amet rerum. Iste tenetur modi deleniti. Rerum est nemo voluptatem harum quia assumenda.', 3, 41, '2018-09-18 05:04:47', '2018-09-18 05:04:47'),
(208, 'Prof. Carol Funk', 'A omnis illum ducimus quis nesciunt illum consequatur. Expedita numquam sit voluptate sint. Provident magnam delectus dolor.', 3, 12, '2018-09-18 05:04:47', '2018-09-18 05:04:47'),
(209, 'Tyree Kozey MD', 'Quia expedita magni praesentium. Dignissimos quia sunt sed deleniti dolores. Deleniti nemo labore accusamus. Iure dolorem sed animi possimus.', 0, 51, '2018-09-18 05:04:47', '2018-09-18 05:04:47'),
(210, 'Bernadine Kohler V', 'Eum dolores delectus soluta eos cumque dolores. Suscipit consequatur excepturi inventore qui dolores. Distinctio ullam consectetur blanditiis placeat dolore voluptatem.', 0, 33, '2018-09-18 05:04:48', '2018-09-18 05:04:48'),
(211, 'Simone Howell DDS', 'Quia fugiat optio quia asperiores est. Magni autem rerum sapiente sed rerum voluptatibus ut. Nisi nobis dolor incidunt placeat iusto omnis. Et cumque nobis rerum omnis assumenda modi itaque et.', 3, 51, '2018-09-18 05:04:48', '2018-09-18 05:04:48'),
(212, 'Emmanuelle Stanton IV', 'Dolores aut veritatis doloribus dicta quia. Magni vel aperiam provident nihil facere et praesentium. Sint fuga repellat unde qui minus facere. Aut dolores nobis aut nostrum sunt.', 5, 42, '2018-09-18 05:04:48', '2018-09-18 05:04:48'),
(213, 'Keely Lemke', 'Eveniet et repellat explicabo. Voluptatem sit in numquam ut et. Est modi et repellendus hic. Praesentium cumque vel dolor hic.', 5, 7, '2018-09-18 05:04:48', '2018-09-18 05:04:48'),
(214, 'Mattie Gaylord', 'Facilis maxime excepturi autem omnis officia consectetur. Omnis sunt et sunt rerum minus. Vel laudantium sed consectetur et omnis quia et. Eum est iure aliquam nihil eum in delectus. Praesentium sit cumque placeat et.', 3, 2, '2018-09-18 05:04:48', '2018-09-18 05:04:48');
INSERT INTO `reviews` (`id`, `customer`, `review`, `star`, `book_id`, `created_at`, `updated_at`) VALUES
(215, 'Prof. Alfred Kertzmann II', 'Velit rerum perferendis reiciendis corporis. Aut et harum nihil iste nihil.', 2, 23, '2018-09-18 05:04:48', '2018-09-18 05:04:48'),
(216, 'Monserrat Jacobs', 'Alias quis repellat voluptates expedita asperiores dolore quaerat. Non laboriosam maiores fugit est sed qui.', 0, 11, '2018-09-18 05:04:48', '2018-09-18 05:04:48'),
(217, 'Reanna Paucek I', 'Tenetur consectetur iusto dignissimos aut. Occaecati ea et enim. Et et ipsa tempore quia ea autem et quia. Accusamus possimus soluta totam pariatur suscipit.', 5, 39, '2018-09-18 05:04:48', '2018-09-18 05:04:48'),
(218, 'Providenci Mante', 'Quod quos exercitationem officia sed necessitatibus quia repudiandae. Enim nemo quasi sed et. Quos illo tempore nostrum ullam modi debitis. Tenetur nesciunt aliquam officia molestiae.', 1, 26, '2018-09-18 05:04:48', '2018-09-18 05:04:48'),
(219, 'Valentine Dooley', 'Quasi minima et ullam quae. Sed vitae rerum impedit. Facilis aut perspiciatis fugiat.', 5, 20, '2018-09-18 05:04:49', '2018-09-18 05:04:49'),
(220, 'Dr. Rosanna Johnson PhD', 'Voluptatem natus unde ut. Assumenda et aspernatur id officia facere illo. Qui inventore id explicabo delectus rem. Iure cumque amet dolores ut error officiis.', 5, 44, '2018-09-18 05:04:49', '2018-09-18 05:04:49'),
(221, 'Prof. Kiel Schroeder DVM', 'Aut et et animi est deleniti ipsum enim rerum. Nam odit eum deserunt quisquam. Corrupti ut ad ad blanditiis placeat similique.', 5, 40, '2018-09-18 05:04:49', '2018-09-18 05:04:49'),
(222, 'Prof. Vergie Goyette V', 'Facilis sint aperiam est optio fugit cum magni non. Exercitationem animi quas doloribus magni qui. Animi dolores necessitatibus repellat itaque rem et. Reiciendis harum quod exercitationem dicta dolores autem doloremque placeat.', 2, 46, '2018-09-18 05:04:49', '2018-09-18 05:04:49'),
(223, 'Estevan Dietrich', 'Non ut eos est aut maxime corporis. Consectetur voluptatem corporis aliquam aperiam quia necessitatibus debitis. Provident fugit quos nemo voluptas tenetur fugiat. In neque omnis ad at aut.', 4, 5, '2018-09-18 05:04:49', '2018-09-18 05:04:49'),
(224, 'Mrs. Tiffany Cremin', 'Unde quis dicta est iusto beatae. Ipsam quia non commodi necessitatibus suscipit asperiores. Vel enim molestiae sed assumenda.', 1, 22, '2018-09-18 05:04:49', '2018-09-18 05:04:49'),
(225, 'Miss May Weber', 'Facere similique commodi quia quidem. Laudantium officia saepe aut aliquam corrupti sed. Rerum placeat ipsa sed aliquid dolor enim magni. Dolorem et repudiandae in autem dolorem ea dicta ut. Repellendus ipsa ducimus omnis vel temporibus.', 0, 42, '2018-09-18 05:04:49', '2018-09-18 05:04:49'),
(226, 'Gunnar Wilkinson', 'Omnis repellat cumque ipsa rerum est in eveniet. Quia at nisi et ipsum. Soluta unde eligendi et nesciunt vero.', 1, 17, '2018-09-18 05:04:49', '2018-09-18 05:04:49'),
(227, 'Patricia Ziemann', 'Blanditiis qui nostrum et quasi nihil deleniti iusto magnam. Corrupti facilis sint quia qui. Facilis sint cupiditate accusamus at nulla quia saepe.', 4, 50, '2018-09-18 05:04:49', '2018-09-18 05:04:49'),
(228, 'Gregorio Schumm', 'Cumque est est non qui. Ut rem rerum illum doloribus et ea. Velit qui omnis distinctio voluptatem.', 1, 30, '2018-09-18 05:04:50', '2018-09-18 05:04:50'),
(229, 'Ahmad Zboncak V', 'Facere dolore impedit doloribus quas occaecati blanditiis id. Corrupti perferendis officia qui nemo quo tempora. Possimus voluptate et reiciendis sunt.', 0, 18, '2018-09-18 05:04:50', '2018-09-18 05:04:50'),
(230, 'Prof. Adriana Koch Sr.', 'Ea omnis ut quia fuga ea hic. Voluptas repudiandae rerum sint iusto. Eos ad repudiandae consectetur ab sed eligendi. Commodi quaerat suscipit recusandae eum eveniet.', 3, 39, '2018-09-18 05:04:50', '2018-09-18 05:04:50'),
(231, 'Ms. Blanca Bahringer', 'Alias ea officia facilis sed perspiciatis. Eaque tempore dolores fuga rerum. Omnis consectetur numquam officia occaecati quia eius sint.', 2, 13, '2018-09-18 05:04:50', '2018-09-18 05:04:50'),
(232, 'Vivianne Hessel', 'Dolores quibusdam ut praesentium officia perferendis impedit maxime. Atque fugiat ab veritatis error. Esse fuga at ipsam voluptas eum illo minus cum.', 4, 18, '2018-09-18 05:04:50', '2018-09-18 05:04:50'),
(233, 'Dr. Kurtis Blanda', 'Voluptatum expedita voluptas ut ut. Aut blanditiis qui et dolores nihil.', 2, 5, '2018-09-18 05:04:51', '2018-09-18 05:04:51'),
(234, 'Lou Becker', 'Dolor dolorem est corrupti consequatur odio. Voluptatem omnis ut at corrupti harum eaque. Illum eveniet eum voluptatem tempora architecto. Magni vero laborum eos.', 2, 1, '2018-09-18 05:04:51', '2018-09-18 05:04:51'),
(235, 'Prof. Xander Moen', 'Qui beatae non non autem est aut. Non eos id tenetur asperiores porro impedit. Aut deleniti nostrum autem maiores debitis. Sed quia sint unde natus neque. Officiis aut deserunt quo voluptas.', 3, 5, '2018-09-18 05:04:51', '2018-09-18 05:04:51'),
(236, 'Garfield Flatley', 'Consequuntur alias et est consectetur. Sint quia in accusamus possimus doloremque beatae consectetur et. Molestiae vel reiciendis quia qui non asperiores vero.', 5, 2, '2018-09-18 05:04:52', '2018-09-18 05:04:52'),
(237, 'Kaelyn Gutmann', 'Sed minus expedita quasi neque at. Sapiente qui est eius et cupiditate consequatur eius.', 1, 21, '2018-09-18 05:04:52', '2018-09-18 05:04:52'),
(238, 'Viviane Block', 'Sint quis fuga molestiae maxime cupiditate. Et explicabo quos aliquid. Qui placeat doloremque accusamus et itaque voluptatem.', 5, 6, '2018-09-18 05:04:52', '2018-09-18 05:04:52'),
(239, 'Prof. Jovany Kub', 'Dolorem cupiditate deleniti nihil est consectetur. Deserunt veniam quis aspernatur quasi molestiae. Placeat est doloribus itaque fugiat. Ab repellat expedita aut pariatur quasi est eaque.', 1, 20, '2018-09-18 05:04:52', '2018-09-18 05:04:52'),
(240, 'Mr. Johathan Wilderman', 'Harum iusto praesentium illo. Maxime expedita qui delectus sequi enim. Dolor necessitatibus dolorem aspernatur sed eius. Voluptatum perferendis autem velit laudantium et fuga occaecati.', 0, 4, '2018-09-18 05:04:52', '2018-09-18 05:04:52'),
(241, 'Gia Haag', 'Repellendus eum qui est ut voluptatum culpa iste. Debitis dolor assumenda deleniti repudiandae.', 2, 33, '2018-09-18 05:04:52', '2018-09-18 05:04:52'),
(242, 'Maxwell Corkery', 'Error rem labore error est. Doloremque et eum magnam quidem. Distinctio id quam delectus accusantium nemo cum.', 3, 13, '2018-09-18 05:04:52', '2018-09-18 05:04:52'),
(243, 'Kylie Runolfsson', 'Sequi sed adipisci consequatur ipsum corporis. Quo unde cumque eos quis voluptas accusamus tempore. Explicabo est et facilis dicta nihil dignissimos quae.', 5, 36, '2018-09-18 05:04:53', '2018-09-18 05:04:53'),
(244, 'Miss Rosina Graham', 'Natus ea quia at accusantium voluptatem modi perspiciatis. Dolores quia ea sed. Non atque quos explicabo nostrum.', 0, 38, '2018-09-18 05:04:53', '2018-09-18 05:04:53'),
(245, 'Justine Gulgowski', 'Expedita voluptatem qui officiis ipsum provident. Quo molestiae cum qui. Deleniti quas explicabo enim.', 4, 14, '2018-09-18 05:04:54', '2018-09-18 05:04:54'),
(246, 'Marcelina Marvin', 'Placeat ipsum cumque fugiat aliquam tempora. Accusamus quibusdam et dolore quas. Repudiandae exercitationem quia quibusdam libero.', 0, 47, '2018-09-18 05:04:55', '2018-09-18 05:04:55'),
(247, 'Rozella Watsica', 'Numquam dolor possimus esse maxime soluta. Cupiditate voluptatem est quos et est possimus. Illo quas explicabo necessitatibus et. Et distinctio omnis qui natus quos amet voluptatem.', 5, 17, '2018-09-18 05:04:55', '2018-09-18 05:04:55'),
(248, 'Casimir Hodkiewicz', 'Dicta id delectus quia quis. Non deleniti consectetur quibusdam beatae sit iure facilis. Rerum illum quis non beatae. Ab recusandae doloribus ut a officiis.', 0, 2, '2018-09-18 05:04:55', '2018-09-18 05:04:55'),
(249, 'Prof. Mortimer Senger II', 'Ratione id quia dolores porro occaecati doloribus. Culpa et repudiandae at sed. Ut id rerum et est.', 1, 38, '2018-09-18 05:04:55', '2018-09-18 05:04:55'),
(250, 'Miss Citlalli Bauch V', 'Dignissimos dolores ad modi occaecati. Cumque et ut ipsa in ut similique. Sit et quibusdam nostrum eos. Aut recusandae qui velit sunt mollitia est cupiditate.', 0, 22, '2018-09-18 05:04:55', '2018-09-18 05:04:55'),
(251, 'Lurline Jacobson', 'Itaque blanditiis non architecto autem. Quos qui magnam sed non nulla eius eligendi. Sunt perspiciatis occaecati qui commodi laboriosam hic.', 2, 27, '2018-09-18 05:04:55', '2018-09-18 05:04:55'),
(252, 'Cynthia Greenfelder', 'Et odit velit blanditiis. Sunt nobis consectetur vitae quaerat voluptas. Quis quam voluptate explicabo est labore qui. Nemo et ut amet vel animi.', 1, 51, '2018-09-18 05:04:55', '2018-09-18 05:04:55'),
(253, 'Camden Powlowski MD', 'Minima eius eaque iure non eum deleniti nam totam. Nesciunt provident molestiae eius corporis ex dolorem recusandae quo. Molestias ut quia quo maxime necessitatibus. Nam sit numquam eaque est eligendi ratione autem.', 0, 44, '2018-09-18 05:04:55', '2018-09-18 05:04:55'),
(254, 'Mallory Reichel Jr.', 'Ullam distinctio voluptatibus reiciendis aliquid tempora tempora. Delectus expedita ipsum esse. Corporis eos error aspernatur eos repellendus fuga quod.', 3, 36, '2018-09-18 05:04:55', '2018-09-18 05:04:55'),
(255, 'Janiya Walker', 'Id et voluptatem earum. Laudantium quo maiores id tempore. Natus animi placeat consequatur odio. Quo in reiciendis non atque dicta.', 5, 51, '2018-09-18 05:04:55', '2018-09-18 05:04:55'),
(256, 'Margarete Nienow', 'Dolorem aliquid laborum eum laboriosam repellendus dolores officiis. Id dicta quo magni accusamus numquam et ad. Numquam eum error ducimus sed commodi. Quo a aperiam omnis dolores.', 2, 47, '2018-09-18 05:04:55', '2018-09-18 05:04:55'),
(257, 'Velma Schultz Sr.', 'Nemo ea sint consectetur mollitia voluptatem. Saepe corrupti commodi et eveniet repellendus autem. Quo reprehenderit eum nihil aliquam quia enim et.', 5, 30, '2018-09-18 05:04:56', '2018-09-18 05:04:56'),
(258, 'Fausto Abshire DVM', 'Voluptatem velit ipsa et voluptatem suscipit modi occaecati. Dicta id error a sit dolorem est. Eius animi cupiditate qui rem ducimus ipsa.', 4, 36, '2018-09-18 05:04:56', '2018-09-18 05:04:56'),
(259, 'Spencer Marvin', 'Provident sunt sequi consequatur natus explicabo illo. Ut aut tempore accusantium ut qui reprehenderit illo. Et voluptatibus inventore cumque dolorem omnis. Commodi voluptatem officia deserunt ex. Sint consequatur exercitationem praesentium rerum repellat ut similique quae.', 1, 20, '2018-09-18 05:04:56', '2018-09-18 05:04:56'),
(260, 'Titus Fay', 'Sunt deleniti nihil cupiditate assumenda sed sint consequatur. Suscipit ratione dolorum et nisi est reprehenderit. Praesentium et dicta earum dicta esse et dolorum.', 1, 33, '2018-09-18 05:04:56', '2018-09-18 05:04:56'),
(261, 'Agnes Turcotte', 'Est cum reiciendis reiciendis distinctio accusantium eum ad at. Quo hic officiis quos quis. Fugiat cupiditate sunt voluptatum. Maiores tenetur aut vel doloribus mollitia enim.', 3, 44, '2018-09-18 05:04:56', '2018-09-18 05:04:56'),
(262, 'Dr. Lula Bogisich Sr.', 'Sint temporibus sed similique debitis repellendus voluptatem. Et cupiditate ut officia molestias sed. Qui vel reprehenderit ut ullam quas eligendi similique. Eum sint ut amet est accusamus porro recusandae ut.', 5, 18, '2018-09-18 05:04:56', '2018-09-18 05:04:56'),
(263, 'Mrs. Catherine Grady', 'Ut sequi et quis reprehenderit tenetur culpa. Odio est officiis quia aut qui. Et omnis tempora sunt incidunt sed. Eum quos magnam sit eos et non voluptas. Non nesciunt cum ratione asperiores omnis voluptates.', 5, 2, '2018-09-18 05:04:56', '2018-09-18 05:04:56'),
(264, 'Isaias Paucek', 'Optio voluptatum qui omnis suscipit quisquam facilis. Repellendus porro ad fugiat eveniet qui vitae molestiae. Dolorum illum fuga sint quia. Enim nostrum non pariatur officiis quis incidunt perspiciatis.', 5, 25, '2018-09-18 05:04:56', '2018-09-18 05:04:56'),
(265, 'Elsie Hartmann', 'Quam et sit blanditiis quae molestiae inventore dolorum. Quasi rerum sint et veritatis aperiam. Et rerum odio culpa blanditiis consectetur. Est quo mollitia esse rerum beatae exercitationem animi.', 5, 1, '2018-09-18 05:04:56', '2018-09-18 05:04:56'),
(266, 'Demetris Walsh II', 'Dolores harum qui aliquam rerum. Maiores odit maxime qui voluptas voluptatum et cum. Natus et quia pariatur qui. Laudantium totam beatae perspiciatis quia voluptatem et. Fugiat saepe quibusdam qui sit exercitationem non.', 3, 32, '2018-09-18 05:04:56', '2018-09-18 05:04:56'),
(267, 'Destiny Jenkins', 'Accusantium ullam aut ut aliquid impedit. Nemo ut illo sit quas. Rerum voluptas suscipit voluptatem rerum nihil est consectetur.', 3, 35, '2018-09-18 05:04:56', '2018-09-18 05:04:56'),
(268, 'Ubaldo Wintheiser', 'Facere molestiae quod ipsam vitae consequatur consequatur ipsa enim. Cumque officia ea et. Autem consequatur doloremque voluptatem alias adipisci pariatur. Quaerat ducimus et id voluptatem alias facilis.', 5, 29, '2018-09-18 05:04:56', '2018-09-18 05:04:56'),
(269, 'Maegan Dicki', 'Soluta id culpa similique. Voluptatem consequatur quia eos corrupti ad. Occaecati aut sit aliquam ex ad porro aut dolorem. Itaque dolorem alias vel voluptate. Eum cum rerum quia numquam.', 0, 9, '2018-09-18 05:04:56', '2018-09-18 05:04:56'),
(270, 'Alda Toy', 'Iure nihil qui qui qui sit. Esse repellat molestias autem voluptatem. Iure quia accusamus earum rerum hic enim.', 3, 15, '2018-09-18 05:04:56', '2018-09-18 05:04:56'),
(271, 'Sally Bergstrom', 'Pariatur aut blanditiis rem harum. Ex et aut iure in est voluptas est. Deserunt eos fugiat quisquam eos.', 5, 44, '2018-09-18 05:04:57', '2018-09-18 05:04:57'),
(272, 'Aubree Harvey', 'Tenetur vel odit sed aut est quis corporis officiis. Est nobis aut excepturi saepe quasi aut eos. Necessitatibus sit et voluptate at omnis architecto. Sunt distinctio laudantium et veritatis.', 0, 5, '2018-09-18 05:04:57', '2018-09-18 05:04:57'),
(273, 'Prof. Kaylin Goyette III', 'Molestiae et veniam nesciunt expedita aut hic. Sapiente atque deleniti cum. Numquam dolores nihil consequatur voluptatem cum corrupti et.', 5, 23, '2018-09-18 05:04:57', '2018-09-18 05:04:57'),
(274, 'Consuelo King', 'Atque voluptas corporis non ab vel expedita aut. Fuga est magni illo asperiores qui officiis harum. Numquam nam ut quisquam rerum sit expedita explicabo unde. Est eius sed omnis voluptate officiis dicta vel.', 2, 17, '2018-09-18 05:04:57', '2018-09-18 05:04:57'),
(275, 'Maxie Roob', 'Quia nulla facere aut. Labore repudiandae dolores enim recusandae animi consectetur rerum. Voluptas veniam fugiat harum iste dolor asperiores. Quasi et quia vero qui aut aut aliquid.', 3, 13, '2018-09-18 05:04:57', '2018-09-18 05:04:57'),
(276, 'Prof. Rory Hamill', 'Sint vitae excepturi aperiam eos et assumenda aut. Et accusamus quia adipisci quam doloremque eligendi. Qui doloribus voluptates tempore. Dolorum tempore minima minima placeat est voluptates.', 5, 5, '2018-09-18 05:04:57', '2018-09-18 05:04:57'),
(277, 'Prof. Wilmer Jenkins DDS', 'Quia rem sint reiciendis nobis facere ut. Eum mollitia est sed maxime. Eos nam est sapiente quis quo dolor. Omnis iure et enim laudantium qui voluptatem soluta.', 5, 12, '2018-09-18 05:04:57', '2018-09-18 05:04:57'),
(278, 'Twila Bartoletti V', 'Nostrum fuga sint quis. Accusantium eius dolor minima et. Sit magnam sed dignissimos ipsum.', 1, 49, '2018-09-18 05:04:57', '2018-09-18 05:04:57'),
(279, 'Elnora Murray Sr.', 'Quibusdam ut et itaque aperiam. Aut repellendus illo accusantium atque consectetur ipsum perspiciatis. At facere ut sit minus veniam delectus nesciunt quo.', 5, 27, '2018-09-18 05:04:57', '2018-09-18 05:04:57'),
(280, 'Mrs. Callie Johnson I', 'Reprehenderit soluta architecto voluptates nulla. Tempore amet culpa quos. Alias id iure cum ipsum.', 1, 19, '2018-09-18 05:04:57', '2018-09-18 05:04:57'),
(281, 'Robin Jakubowski V', 'Sit sit dolor eaque quibusdam temporibus iusto. Quidem officiis ut vel consequatur expedita excepturi hic illum. Mollitia aut et et totam et totam rem consectetur. Provident assumenda nemo animi nihil fugit voluptatem. Quo vel pariatur id.', 1, 17, '2018-09-18 05:04:57', '2018-09-18 05:04:57'),
(282, 'Troy Krajcik', 'Est ut voluptas laudantium. Animi accusantium sunt velit saepe. Voluptatem dolorum libero soluta voluptatem veritatis autem vero optio.', 3, 39, '2018-09-18 05:04:57', '2018-09-18 05:04:57'),
(283, 'Dr. Myrtie Kirlin', 'Omnis ipsa enim occaecati vero maxime quos incidunt ipsam. Dolore sint voluptas et totam quia porro qui fugiat. Aut repellat eos aut iusto sed ut ut. Ut ut quaerat non doloribus suscipit molestiae.', 5, 1, '2018-09-18 05:04:57', '2018-09-18 05:04:57'),
(284, 'Alta Volkman', 'Deserunt ut magnam qui beatae ea et. Nostrum rerum vitae dolorem. Eveniet nam in corporis repudiandae nam. Distinctio et nam recusandae qui cum provident dolorem qui. Recusandae veritatis in voluptate odio.', 5, 28, '2018-09-18 05:04:58', '2018-09-18 05:04:58'),
(285, 'Lindsey Crooks', 'In est et dignissimos et sed. Dolore doloremque quis assumenda iste consequuntur ea repellat nihil. Vero explicabo veritatis officiis perspiciatis molestiae quo consequuntur.', 0, 15, '2018-09-18 05:04:58', '2018-09-18 05:04:58'),
(286, 'Antonietta Waters', 'Non cumque animi saepe necessitatibus deleniti et maiores. Suscipit vitae sit omnis.', 5, 34, '2018-09-18 05:04:58', '2018-09-18 05:04:58'),
(287, 'Shirley Bartell', 'Laborum iure id natus accusantium sit expedita pariatur. Aut non expedita iusto dolor in nostrum. Rerum dolorem commodi autem soluta earum.', 1, 23, '2018-09-18 05:04:58', '2018-09-18 05:04:58'),
(288, 'Shanel Weissnat DVM', 'Non cum harum minus perspiciatis reprehenderit excepturi est. A nemo voluptatum aliquid error accusantium aliquid aperiam. Aut consequatur nisi ut ex laudantium.', 2, 1, '2018-09-18 05:04:58', '2018-09-18 05:04:58'),
(289, 'Heather Bruen', 'Quia est rerum a est. Et rerum qui natus repellat non et ea. Aut a dolore dolor sit nihil. Sequi maxime rerum inventore omnis amet ad. Ex aliquid in maxime delectus quis atque.', 5, 5, '2018-09-18 05:04:58', '2018-09-18 05:04:58'),
(290, 'Jessica Crist', 'Sit consequatur incidunt sed illo libero voluptas. Velit repudiandae voluptatem consectetur id ad. Vitae quasi et aut quia commodi.', 0, 48, '2018-09-18 05:04:58', '2018-09-18 05:04:58'),
(291, 'Emory Farrell DDS', 'Quidem vel eaque itaque sunt. Sit provident minima necessitatibus suscipit sint.', 0, 7, '2018-09-18 05:04:58', '2018-09-18 05:04:58'),
(292, 'Jasper Steuber V', 'Dolore rerum molestiae provident voluptatem sed rerum. Rerum hic nostrum quia eum. Nobis repellat voluptatem illum odit et fuga.', 4, 34, '2018-09-18 05:04:58', '2018-09-18 05:04:58'),
(293, 'Dr. Dana Blanda', 'Temporibus repellat dolores iste sint eum. Est aut ducimus dolorem. Et ut architecto deleniti explicabo id.', 5, 13, '2018-09-18 05:04:58', '2018-09-18 05:04:58'),
(294, 'Willa Haley V', 'Rem quaerat consequatur tempora fuga. Dolor ab vel necessitatibus nam consequatur.', 2, 46, '2018-09-18 05:04:58', '2018-09-18 05:04:58'),
(295, 'Prof. Kade Towne IV', 'Sed velit debitis totam aliquid repellendus. Distinctio corrupti laborum pariatur. Assumenda velit sit nam ipsam. Reiciendis ad exercitationem facere maxime esse ea.', 5, 20, '2018-09-18 05:04:58', '2018-09-18 05:04:58'),
(296, 'Flavie Cremin', 'Reiciendis voluptates ut voluptas quisquam et in cum. Velit voluptatem unde inventore repellat vel quas. Cumque aut maiores est pariatur iste omnis ut sit. Eum quia voluptas incidunt qui quibusdam ratione officia.', 2, 41, '2018-09-18 05:04:58', '2018-09-18 05:04:58'),
(297, 'Rebecca Conroy DDS', 'Voluptate maiores nulla eum esse. Asperiores aperiam eaque perferendis ut natus in soluta et. Occaecati vel facere corrupti blanditiis suscipit est voluptatem. Natus eligendi consequatur neque repellendus eius dolor tempora sunt.', 4, 26, '2018-09-18 05:04:59', '2018-09-18 05:04:59'),
(298, 'Skye Barrows', 'Ullam et voluptas odit omnis esse quis. Exercitationem officia voluptatem necessitatibus quia. Facere qui aut ipsum eveniet esse rerum autem vel.', 2, 29, '2018-09-18 05:04:59', '2018-09-18 05:04:59'),
(299, 'Gunnar Bashirian', 'Nulla et nobis et. Est quos tenetur aut qui. Iste aliquam praesentium et aperiam qui sed. Rerum commodi sint rerum laborum.', 5, 48, '2018-09-18 05:04:59', '2018-09-18 05:04:59'),
(300, 'Tatyana Ferry', 'Aut distinctio et aut est labore possimus. Sed ducimus deserunt quia commodi molestiae. Ut et consequatur blanditiis hic dolorem. Et voluptatum suscipit quam dignissimos.', 5, 48, '2018-09-18 05:04:59', '2018-09-18 05:04:59'),
(301, 'Urban Roob Jr.', 'Pariatur fugiat repudiandae quisquam minus. Velit et distinctio ex dolorem exercitationem et aut nihil. Doloribus est animi vel eum. Temporibus neque consequatur quae architecto ipsum.', 3, 38, '2018-09-18 05:04:59', '2018-09-18 05:04:59'),
(302, 'Dr. Favian Herzog', 'Dolorum alias est in distinctio tenetur saepe. Est voluptatum qui velit autem dolores quis et. Provident harum delectus dolores aliquid tempore blanditiis.', 3, 11, '2018-09-18 05:04:59', '2018-09-18 05:04:59');

-- --------------------------------------------------------

--
-- Table structure for table `users`
--

CREATE TABLE `users` (
  `id` int(10) UNSIGNED NOT NULL,
  `name` varchar(191) COLLATE utf8mb4_unicode_ci NOT NULL,
  `email` varchar(191) COLLATE utf8mb4_unicode_ci NOT NULL,
  `password` varchar(191) COLLATE utf8mb4_unicode_ci NOT NULL,
  `remember_token` varchar(100) COLLATE utf8mb4_unicode_ci DEFAULT NULL,
  `created_at` timestamp NULL DEFAULT NULL,
  `updated_at` timestamp NULL DEFAULT NULL
) ENGINE=InnoDB DEFAULT CHARSET=utf8mb4 COLLATE=utf8mb4_unicode_ci;

--
-- Dumping data for table `users`
--

INSERT INTO `users` (`id`, `name`, `email`, `password`, `remember_token`, `created_at`, `updated_at`) VALUES
(1, 'Frank', 'itaforfrancis@gmail.com', '123', NULL, NULL, NULL),
(2, 'mike', 'mik@gmail.com', '888', NULL, NULL, NULL),
(3, 'Francis Itafor', 'frank@gmail.com', '$2y$10$4qJlRKj1JSTC42y74cPvNuSBHIqupUJ38PLPD4y2Z6.8jr4ETrc8O', 'gSjncgeFy8viz2ikwOxn5LOmGpjCEFqDKDxZ1TSiDasMmAsuerKV0GZ2J8A3', '2018-09-18 12:20:07', '2018-09-18 12:20:07');

--
-- Indexes for dumped tables
--

--
-- Indexes for table `books`
--
ALTER TABLE `books`
  ADD PRIMARY KEY (`id`);

--
-- Indexes for table `migrations`
--
ALTER TABLE `migrations`
  ADD PRIMARY KEY (`id`);

--
-- Indexes for table `oauth_access_tokens`
--
ALTER TABLE `oauth_access_tokens`
  ADD PRIMARY KEY (`id`),
  ADD KEY `oauth_access_tokens_user_id_index` (`user_id`);

--
-- Indexes for table `oauth_auth_codes`
--
ALTER TABLE `oauth_auth_codes`
  ADD PRIMARY KEY (`id`);

--
-- Indexes for table `oauth_clients`
--
ALTER TABLE `oauth_clients`
  ADD PRIMARY KEY (`id`),
  ADD KEY `oauth_clients_user_id_index` (`user_id`);

--
-- Indexes for table `oauth_personal_access_clients`
--
ALTER TABLE `oauth_personal_access_clients`
  ADD PRIMARY KEY (`id`),
  ADD KEY `oauth_personal_access_clients_client_id_index` (`client_id`);

--
-- Indexes for table `oauth_refresh_tokens`
--
ALTER TABLE `oauth_refresh_tokens`
  ADD PRIMARY KEY (`id`),
  ADD KEY `oauth_refresh_tokens_access_token_id_index` (`access_token_id`);

--
-- Indexes for table `password_resets`
--
ALTER TABLE `password_resets`
  ADD KEY `password_resets_email_index` (`email`);

--
-- Indexes for table `ratings`
--
ALTER TABLE `ratings`
  ADD PRIMARY KEY (`id`);

--
-- Indexes for table `reviews`
--
ALTER TABLE `reviews`
  ADD PRIMARY KEY (`id`),
  ADD KEY `reviews_book_id_index` (`book_id`);

--
-- Indexes for table `users`
--
ALTER TABLE `users`
  ADD PRIMARY KEY (`id`),
  ADD UNIQUE KEY `users_email_unique` (`email`);

--
-- AUTO_INCREMENT for dumped tables
--

--
-- AUTO_INCREMENT for table `books`
--
ALTER TABLE `books`
  MODIFY `id` int(10) UNSIGNED NOT NULL AUTO_INCREMENT, AUTO_INCREMENT=59;

--
-- AUTO_INCREMENT for table `migrations`
--
ALTER TABLE `migrations`
  MODIFY `id` int(10) UNSIGNED NOT NULL AUTO_INCREMENT, AUTO_INCREMENT=11;

--
-- AUTO_INCREMENT for table `oauth_clients`
--
ALTER TABLE `oauth_clients`
  MODIFY `id` int(10) UNSIGNED NOT NULL AUTO_INCREMENT, AUTO_INCREMENT=3;

--
-- AUTO_INCREMENT for table `oauth_personal_access_clients`
--
ALTER TABLE `oauth_personal_access_clients`
  MODIFY `id` int(10) UNSIGNED NOT NULL AUTO_INCREMENT, AUTO_INCREMENT=2;

--
-- AUTO_INCREMENT for table `ratings`
--
ALTER TABLE `ratings`
  MODIFY `id` int(10) UNSIGNED NOT NULL AUTO_INCREMENT;

--
-- AUTO_INCREMENT for table `reviews`
--
ALTER TABLE `reviews`
  MODIFY `id` int(10) UNSIGNED NOT NULL AUTO_INCREMENT, AUTO_INCREMENT=303;

--
-- AUTO_INCREMENT for table `users`
--
ALTER TABLE `users`
  MODIFY `id` int(10) UNSIGNED NOT NULL AUTO_INCREMENT, AUTO_INCREMENT=4;

--
-- Constraints for dumped tables
--

--
-- Constraints for table `reviews`
--
ALTER TABLE `reviews`
  ADD CONSTRAINT `reviews_book_id_foreign` FOREIGN KEY (`book_id`) REFERENCES `books` (`id`) ON DELETE CASCADE;
COMMIT;

/*!40101 SET CHARACTER_SET_CLIENT=@OLD_CHARACTER_SET_CLIENT */;
/*!40101 SET CHARACTER_SET_RESULTS=@OLD_CHARACTER_SET_RESULTS */;
/*!40101 SET COLLATION_CONNECTION=@OLD_COLLATION_CONNECTION */;
